Sequence,label
MGNICGTSGSHYVYSPPVSPRHVSGSSTPVHSVGGQGLTSVYQLSAEARDDFLDRFDPMRNLGLNSETPLYRTTDTSWRNVIAQIRNPDEDPRIDHLLTMAEEIYKASSTFRKRMNAVAGEGGVTIRIVPDSEIGHSFGHAATIPATRSIALTETTASNVQGSHYQSLNILLVELSNLSRANEIAEIRSSFQQGRIGQRRAAHNTERAEYGTIEDMVKYFTEARPVIESLGYGNPSMWYAAHDYGGGIVPAYRSFEDYYATALSSGHTDVHLNNYSRSDE,1
MGNVCVGGSRMSHQVYSPDRADTPPRSERNTPDRRQRAAGDAERTQSMRLQQKINDLKPYVRHARGPIKAYGQAALDRASGKKTSVSFAELDATHLDAMVYIENQRNPGLNLKHFRDHKELIQALQSDGPSAFRAIFPQTCPETGQTLKHHVMADVRLHQGGAPTIIITEPAVIVGARYQQLQRHNLTLEDLSESGVPLSQVAIIETQAQKTSDDCVMYSLHYAIKAHKNAAQFDDIHHGLQHGTLSTESESRARTTLGALEASSSYSVMHEGAHAAFGADVLPVDFYKHGASLTQAKQLMKRPDGRMAGRVASEGRGEGENLVQRNQAFRVKRRELLDDETPSNTQCSASIDGLRLQELIRVLAEEQR,1
MQFMSRINRILFVAVVSLLSVLGCCVAAAPAQAVDRIARVSLPVRAGTHLIFSDSQGPARSADYDCTAGAVLTGSGILSRISPYQRAVRYVVTAKHCGGRGAHVRVGDVQVGSVIWESSDADLSIVRIEPLQTTRRSCYPTSAGIRCTLVNDYEPRASGEVFGARNRSGQESSVQVAGTKVPADREIFCTSGAITGILCNWVSAPPPRGLEIGSHQVVAETFSAATRQGDSGGPVVSRDMKIIGVICDGGLPGSGDDTYMSYLPISVLFREQPYYILATS,1
MAASSTRRCTIPDGLSLRQCEVYQTLIHVAEGREERGQGPRPIVVISDVGKDYDDAAALLVLKEFHRLGHVELRAVVANLMPADKRTRLARAWLDALGLQNVPVGRGTRGKPDEEEELELEYEFSWNDFVMPADVPQRDGQDLLLEAYQHAKAKGEKLYLLCLSSLQDIHKFASAYPDLVAHYTAEVHMQGGNYISSEGKLEPDRSAANNRYNWEAARAWHSFLQKNALPSYTYTKAVAFAAALSSEVFVELEASGHPIGSYLRRVQVEQDLAFYKQACESDPEKRFAPFMDQQWFLVHKTNWQQRPNADLGAGLPIGEEVIPYLSKIVLYDVHGALGVSGEDVIEKLGIFRSRDRSIEVELKSTGKVVRVHHWIADDEQSVAVPDKVHAVLSALLKGSLLDALRYSNL,1
MAEASSNETAPAATPAPSTETGLLARARSALATGTQHAITGLSQAAHGLWSISDLRTMLESQAHDPAFLQMVRQLDQEQAAPHSLARLSAAITQLRGAISNPENGLEERFRNAFLSDIKAVEDALHPLEHGTPATGRALKALLNLANAWPLLVPSPFMANQAKTFSYSLALAARGVLMLSASALRSTADGLPIPLIGGGQFGRDANELHLYAYLLNGLFLPLEITKKAGNEAVRHQAEAVENNMGFGAAAATACAAIMVTPFLWSSISALGNRARDQASRLHASAAHQLGFTNYAQRTRAGMTPGQISAELRTQLDQIAAVLLDGRDAFQQVRRDFTGPGQGHELTRTLNAQCTQLLETVDRCCQRLSTVLQHGQGPGPGRSESIPRQLSNNDIASKLSLALLGTAVSGSAIYLIQPDRIGTVDTLADTAVVTTVMLQSAFNKNANRQDTMERFKAMCGGSMVIAMALTAEKLAKTFADRSLIEASSASPYYAGAIMSLMAMTMPGPVANATESAMNWGGRQISRLFTGPDGRQLATTVASTPEELQETTHRTLQYLLQLSPQHLQAYEEHLAPDAALQAIQDASAAARPNTSGVTITEIEEDGSVAVPIAATSQNSPPHLSTSDDATADRPSTLH,1
MSIGRSKSVAGASASHALASGENGSPQPQTVTLLAGATRRRRNSGLLCELQSMCKRTLRAASQTIIFPFYSKTGTTPTRAQPKPDVVPALKPAPRRMRPPAAPGRKHQRNVDAVVPPAMATSPRAEIRFPLTTADAQRYLRAQWRQAETGGRFDQAAVDRLTTTLTARLLATSAATGNGVHEDSGEKACARAIMVSDALAQATGGDPARAHDALLALLDTTSHADARVQADVLALQTALGMTAIGLDTLLAIAPHVLPQRGLAEGSAAPEIQREALRHALRAADHLLRRKPADAPGPTSLEALAALADPVLPAVERGRPGSSAGASVAPPGKAPAWLADPGNALAIKALHAANALRADPAAQCPPHLAQAYLAWRNGFDREGPGTDLAKAQQRLFKLFTYAERAARTGMAARAAAGFFGTQKSPLSALQNFGTAGVMLGHPDDEFARFTAALAPVKTQLADRLKAASTSRALKTRCAVRLAAIEQWERRMASKGLRSTFRFSSRDLEAVAARARPLLSNRVALHADGSPADLALDPHRNRDAIRAEVKPLRGMTPAQLRTWADEAWRLSGQAVPEPVRANIDLVESRLAGDIRPKPGDTNAQLDAIGALVKQMPDIYDIRVSSGGTVGLGGVPSQSLAALSSHLGVPHVSVLPDGGYLQGRHAVIDIGSNQHFGHLFIGTESRKSLYGGLGGYAGWSFGQDGMANVGVSDGLRRSRDWGGPRGVTIRTRRSDDEQPGRPDAWRTTMLEVLHAARSAGPNSDAPRNAREMWGSLARRFWNDPACSINWTDSRSTTSATSGSASATARVGTADTKWGPALGATLRHVARAAHRQWDKTGNHAIDVSTHNSGRATAVAATLVEALPGIPVPNGSGHLAALSFPTQPYVGIGTTLFATQTNAALRIGRDSGRIIPKHTFRDTEFGTFKAFKQFVDTHRSEWLTALGGTDDARRRLDEMVATVKARATAGNLIMGERMHMTDEAARRLDFLFHRKQRFDRIPAPTPMQARERASIDADIRQMLASENSWRRQALYVLEALGVQRTVGLSFLLNAQSTQAVSGVRELAGLSPE,1
MVFLVRSINVAQSSHDPSTSDGQPPAMSPPSPGARPARRSPAAVLAGLVGFSRRRGAGETAHGHEGGRSLPRRFRPTRHVNIGAPTPSSPREPLAVWAQACELQPETVEALRALRDQEGSGPFMSLLAKLDACESFEKEPHRADSVQELGAVLKLAAHNDAYRAFCFDVAGGADADCYDNAEVIFGNLRLAARDPTYHGNASLEQVLNYHKRCVPWSLVDDFVSERFPLFAESLENVLALRIRLSDILPIRTPAMTFDNMTSVNQGVEAQARAYIARHCDSEAKLQRNLCRSPAWRQFMERQHPVEFTANTLLWASALQAVMEQRPEGAAMAVPPEVNTVSFGSRTEALARARAMPGIGTGHAFRHLQQNATVLLSEDLTRRLVVEKRTPRTEAKAYAHLLRDPDWLSYLEQEHPDDPVFSSDGIGMPDRHERLMRLTQQEIVAARGG,1
MFDRITVQLPMDGLLFWRLSGREALSQSFELSVQLLSTDARIERRALLGQPITVCIPTQGLLNTRYLNGKITKVSVSSQALGGTRYAVYNLVMEPDLWPLKRDKNLRIFQGQTVPQIVKTLLGEYNVTLEDRLTGSYRSWEYCVQYQESSFSFISRLMELEGIYYYFRHEADGHTLVLMDAAQQHRPFSGYEAIPYHVTPSGGSTREEGIGLWSLEDSVTPGMYSIDDYDFRKPNAWMLQARQNPASPQPGAIDVYDWPGHFVDHDHGEFYARIRQEVWQAEHQQISAAGTALGLAPGHTFTVLNAPFISDNGEYLTTEAYYEFEENRYASGDGSSGTKHNIAIRVIPSAVTFRAPPETPWPRTHGPQTAKVVGPKGESIWTDRYGRVKVKFHWDRLAKGDDTSSCWVRVSSAWAGQGYGGVQIPRVGDEVVVDFINGDPDRPIITGRVYNEASMPPWALPAAATQMGFMSRSKDGHKDAANALRFEDKAGHEQIWIHAEKNMDTEVEHCETHDVGIDRHKTIGRDEKSTVKRNMLANVGVDATSNTGAKHTINVGGDQAVLTMDKQGNALLEATASIRLKVKNNYILITPSAIEIQVAEGDLMAESEKGALFKGTDITLLGGGTNAELSANDTVSITGTNATDIKGALVKVNS,1
MAIDMYLKVDGVTGESKDSNHTGWIDVSSFSWGATQPGNMSVGGGGGAGKVNFNDLHINAKIDKAVTALLKNCASGKHVGKVEVSVCKAGGTQIEYTRITLEDVLVTNVQFVGSDGDDTLGVTYAFQAAKVKQQYWEQSTSGGKGAESSAGWNIKENKEA,1
MLNMLFAVLTHRLLWGFVGITALSFIIWVIGPVFSIVDSRPLAPEVNRQISIGLLYLVWALGNLVPRLYNAWLNRKLMGSLKTTPGEQPDGDNPRLTSEDRVLAERFNEASELLKKAHFTHADGRRSPFWAQRFSRQYLYQLPWYVIIGAPGAGKTTALVNSGLQFPLADRFGKSALRGIGGTRNCDWWFTNEAVLLDTAGRYTTQESQQQQDAGEWQGFINLLRKYRARQPINGVIVTVSVSDLLTQSAEAAQQQAVALRQRLTELHEQLGIRFPVYVLVTKTDLLKGFRAYFAQFDKAQREQIWGFTFPWERAKMSDFDLPTAFSQEYALLQQRLDAGLADTLLQESDVKARAESFLFPQEFAALRPLLAEYLDTVFARSDFETQFSPRGIYFASGTQEGLPFDRVMGELNRALQLPQQDAASGQSGSWDQTSKAAPIPGNKGQSFFLKDVLQKVIFPESGLAGSNRWWELRNRALLWSGYIALAAALVISALLWFTSYGNNKSYLQQVQARVPEVVRQSSALQGSEQGDLFALLPLLNSLLKLPESSEFDLNSPPISRRMGLYRGAEVSDATQALYQKSLKQLLLPQVAQSIAGWLRNDNGSDADYSYEALKAYQMLYQPQHYDGKFLHAWLMLNLQRNLPQNVTQAQLKQLEWHLSQLLENQIQASPYARDDALVKREQALINQMPLSQRVWGRLKRLLERDESLKPVSLASLGGPQSELVFSRKSGGSIADGISGLFTPDGYWQSFDKHIAAVTTALHDDDRWVLGAQSAGESQQQTDAAVRQLYISDYIRQWDGLLQDIQLNNSADLAQRINSARLLSSNNSPLRKLVINLSRYLVLEKLPTDEKQAGKDKDADADNSAARTLQALFRSRQNSAAAAADQAPEQAVANHFAPVIELAQPLEQGGKTIAFDDFIRQIDDLYRYLTAVQDAANSGMPPPAGDAISHLQASAGRLPGSLQTVFSTLAVGASSDAQRRELENVRKRISSEVGGFCRQAIAGRYPLVRSARSEVTPDDLARMFAPGNGLMDSFFRDNLANKVDTTQPAWRFTPGIDGKGIGGEDILRPFQQAQSIRDAFFANGATTPAFRVTVRTLRMDNDILNLTLDVDGQLLRYSHGPQAVQLMNWPGSGGTSQVRMQLGLANGTTSTLVTNGVWALNRFFDRAQLAPGSSSLSRQASFNVDGHRVTLEFTPNSIRNPFQLSGFSCP,1
MSKAEKVVWTEGMFLRPHHFQQSENYLQSTLRDWGQAQRPWLWGLHDIEFDESMLRQGKVALLSASGLLPDGTVFSFRNGQDAPAPLLIPDNLTQGKVVLALPARRGGREEVIFSEAADSLARFISFEREVDDVNAMAVGQAAVQFGRLRLRLMLESELSAEWTAIGVARISEKRSDHQLRLDASYIPPMLNAINQSQLMEYIGDIHALLAQRSQQIGQRLQQPGRFNTADMVDFMLLTLINQQLGHISHLKSLPLLHPETLFHGWLTFAAELTSWMPSRTPDGALPTYQHDDLAGCFSQLLLLLRQGLSQVMEENALQLPLTERSHGLNVATVPESSMVREFGFVLAVRANVPADAIQTHFPAQMKVAPVTKIRDLVQLQLPGIMLRAMPAAPPQIPWHAGYNYFQLDKGSELWQEMEKSGTFALHLAGEFPGLEMEFWAIRSHAV,1
MSNSVINLTGQKTQQLPGQSRYRMDVHNCPHCLDVLSFRAEESFSRPWHYAVSLTCQTPDLNCDTLLLKPASFTCQTPLFSGAPAAPVRTVFGVVSAFRRLSTSEDETRYALTLVPRIALLAHTKGSEVFLNQSVIEVVEQVLRKHGLEGPDFEFRLSREYPARELITQWRETDLEFVQRLLAEVGIFWRFEMDGRLEQDVVIFQDSQEQYQFGVTLPLRNPAGMSDSGQESIWGIHTAYNVVSGRVTTRDYNYREALTPQDSSESISGKEGITTGEVCHYAEPFLTAGDTDNTETGAYFARLRHERILNGQSTVSGRSSSPFLAPGQVLEADTRLPDAVKDGIVITTVRSSGSRKSSFTLTFEGIPYSETVCYRPALINRPVISGSLPARVESAQKGDIYAWLDEQGRYRVRMDFDRNSTEQGYAYLWLRMAKPYAGDTYGWHAPLLDGTEVSVVFDSGDPDRPYIACAQHDSEHPDHVTSDNPTRNIWRTPANNKLRMEDKRQEEHIKLATEYGKTQLNLGHLVNAQREQRGAGFELRTDEFGVVRAGKGLFLTADEQLKAQGPVLEMKQAINQINQANSQMQSLNSAAEAAGALVSDISTQISLVTERLKNLQSAVLLASAPQGVALTSGEHLQLTSTRNTMINAGQHLDIGAMKNLSISVEKALGLFVHKDGAKLIANQGDVEIQARHNTMALFARQQITVTSSDDEIVISTPKTLTLNGGGSYLKLSQNGIEHGSCGDYLIKAAHYQVLVGGASLDTERPVFDKTSLELLPPVTDDDMSR,1
MAIPIYLWLKDDGGAAIKGSVNVKDREGSIEVLSQDHSLYMPTDNNTGKLTGTRIHTPFQFSKEIDSSSPYLYRAVTSGKKLKSAEFKWYRINDAGQEVEYFNTRLEDVKLVKVAPKMHDIKDPTKEKHNHLEIIELRYEKITWTYKDGNIIYSDSWDDRPSA,1
MHRRLSDFLAEERESHGTAARQQPGPTGGASQTEAAAPQKSGKSGLAKFTGKVKKLVGKAKTAADRNFVSSQTSVFGVHTETTVGKPVKMSATKPRPEVLQSRPVPAGTRPEDLPSVPATGPAQPAARQRKIDATVKATFNPPSSIAESMRSHLGLGQAKVTQAVSISEAMSSQAGLQVHLARLLGQPVHAPTVRAFHDALLDSLPQTTESASERPFAQHVLLAEALANACGGDTVRATAALHALKAGEFLPTSHAADETASPRTSHASVRIASAAQVAPNGPDTRGIDNADADTSPSTRRVLAKDAMLDAMHAAQELAGIGDVGMQALLALMPPLRPAKREPLEFVLQAAEQVAAETKGAQVRLPDIIEHAEKMAGTRGDTLACKVLRAEVKALRAADTHDALSRADKSAVFAWRQGFRSDDKHSLLSQTQQRLAKFRKYVSRAETRDKLDKARHDPGNPMQSSVATARLVANNAQRVFSHKKSPLLAMGKYGSLAAGTKHVPMDQVELDKHLRTAIDALRVRLEAQSGEARFSVGRHGEVPTVILRTAILEHWSAASADKRPQGYTLDGNAAVHIAECIHRATGQSVVRADGKLPKQLERLIGTQLSHATLKAWARDAAMPQRTETGEETDFSSAMRRARNILKPGRDKPLDMTAGNMREFLKNFMAEHNVGNTMTFTDGGALGVNTGALTLNLARIVKRLKGGVTLTPVLDVQGSVARSAAFNIGTTAHGGEIFIGRQRQIGGQIGGGITAGYSPPTDPGEDSFSASFGVSANVTLFGLEHTNPTGVRLRFTTQRKEDGTAMNSDAMRKQMSDMVDYMFDACGPAKRHLSPSELWEDFAVHHFDQKHLSVGWEDYSSLNSKMGGAITATARAGVKTADGQTVRGGGSIGYGFTWNPFTMGERKEKSGTAPILREDRGSAHIHTVTVAASGQLPGVPLPDSLDGAANSLGVPSVPVASATYMLGNGGFNATVRTLLERGRLSEAFTYRDLSERNIGDFLKFANDPARRKEWEALCSAEQGAYADTGHGEAGPDLGKKRLDDFLSKIQEMARPNQAHYMRWRLGEQERLAMDDYMAAARMAERGGRKKDAKACQQTIEQIAAKEESWRPAALFTMHANSKQTDTGLNFGLQATARTTAASDRELMFIGLPLPISDAWTRAARGGPDAAGS,1
MKNFMRSLGFGSSRSSRSSSSNWNEQQADNDEQTPASSPSTSPSQTSSAFSGLPERPRKKAIALEESLNSSNNIPYEMRMYAEAALSAAKHGSSEAITKADVENKYYLAHAYNERFPELHLSCHDSAQSFFSEFMTSEKQAWRSIVRLSPSSMHHAAIDVRFKDGKRTMLVIEPALAYGMKDGEIKVMAGYETLGKNVQNCLGENGDMAVIQLGAQKSLFDCVIFSLNMALCAYQKDSVFDNLHDCLRRNVRCFSSGERKSILHKNIEFIEGDKFLPPIFYKHSHSRGVVGEFISNQPEYAHKNVSTGRTNPSEDLSERVENFRVRRGDLSYSMSIEASRLRKIRKTIES,1
MDPIRPRRPSPARELLPGPQPDRVQPTADRGVSAPAGSPLDGLPARRTVSRTRLPSPPAPSPAFSAGSFSDLLRPFDPSLLDTSLLDSMPAVGTPHTAAAPAEWDEAQSALRAADDPPPTVRVAVTAARPPRAKPAPRRRAAQPSDASPAAQVDLRTLGYSQQQQEKIKPKVRSTVAQHHEALVGHGFTHAHIVALSQHPAALGTVAVTYQHIITALPEATHEDIVGVGKQWSGARALEALLTDAGELRGPPLQLDTGQLVKIAKRGGVTAMEAVHASRNALTGAPLNLTPAQVVAIASHDGGKQALETVQRLLPVLCQDHGLTRDQVVAIASHDGGKQALETVQRLLPVLCQDHGLPPDQVVAIASHDGGKQALETVQRLLPVLCQDHGLTPDQVVAIASHDGGKQALETVQRLLPVLCQDHGLTPDQVVAIASHDGGKQALETVQRLLPVLCQDHGLTPDQVVAIASNGGGKQALETLQRLLPVLCQAHGLTPAQVVAIASHDGGKQALETVQRLLPVLCQAHGLTPDQVVAIANNNGGKQAVGTVQRLLPVLCQAHGLTPAQVVAIASHDGGKQALETVQRLLPVLCQAHGLTPDQVVAIASNGGGKQALETVQRLLPVLCQAHGLTLAQVVAIASHGGGKQALETVQRLLPVLCQAHGLTPDQVVAIANNNGGKQALETVQRLLPVLCQAHGLTPDQVVAIASHDGGKQALETVQRLLPVLCQAHGLTPAQVVAIASNGGKQALETVRRLLPVLCQAHGLTPDQVVAIASNGGGKQALETVQRLLPVLCQDHGLTPDQVVAIASNGGGKQALESIVAQLSRRDPALAALTNDHLVALACLGGRPALDAVKKGLPHAPEFIRRVNRRIAERTSHRVADYAHVVRVLEFFQCHSHPAHAFDEAMTQFGMSRHGLVQLFRRVGVTEFEARYGTLPPASQRWDRILQASGMKRAKPSPTSAQTPDQTSLHAFADSLERDLDAPSPMHEGDQTRASSRKRSRSDRAVTGPSAQQAVEVRVPEQRDALHLPLSWRVKRPRTRIWGGLPDPGTPMAADLAASSTVMWEQDADPFAGAADDFPAFNEEELAWLMELLPQ,1
MNSLNTQFGGSASNFQVDQSQNAQSDSSQGSNGSQGISEKQLDQLLCQLIQALLQPNKNAEEGKGQQGGENGGGQGGNQQAGKENGASPLTQMLMNIVGEILQAQNGGGAGGAGGSSGGDFGGSFASSFSNDSGSMQ,1
MIRRISPGPLQPSVSTEHGDSHHNADHHADAAGTSAGSPANIAARATRLRPAPPRRRRRGNRSLEGQEDEFDANEQEEIEAKRECALRGRVSVAIAPAQSREHGQSDQHGGDRNTHTDDTQAGPWRGAAPAQVTDSIRTCIDAILDRYVARRDADPVAKRNALAAALVELRAIGVSHPAVAPLTETVWRLMREHLSSYDRATAAENLQALRTRLLELMPSELEPVPALRNFHLLLPLILLNAEKPRRQVDRRHAITRLNTLLIEQPQQAAQEVRP,1
MKRSGDIGAASSSRAASHSPLQPTQPEGVAPPREEHADFMPTGPLLGLPSSSAALRSRRTSLSGRAKPHADYTEEVMSQVQEINEPAGPAAAATYAERSTAAAAKVKAQLRARLDALPFAAPSKEQTALQAAYLQWADARVQERITAFGPDAGYQAVGDMKTAGIKAALPIAYQCLRSFILGAMRNPVGLATGAAYAARRPVDAEELSTVMVSGIAAGSASYTSDTLLIPAMDRRTRVANMPKFQAVDPKILEPDPPPVILEVTAEGKRFTRLGDDDAPTLAELKAQTYDRRLVITQRQSNLDDKSLNTLLLKPVINAIFNAARRTGGNPDLLTPAGQLGLSALAIGGAGVVQKALLETGKAVPRTGQTSVPDLVGGEQRLNLFALALPDKERRPAQWSDAVHFPPKYLLDTGKEALALARQGVNSANAIATTVRDLLTRHMLSNVISSFASIGAARIIAAPLRGGSHRPVAGEAANSTAVVAQQAVQTMFNDTLWNALKAKNGTNTSQAARLDNEGAALAAEYKRTIKQTIEALAEPVDQAIARLSDQTRAMEEGMRVAPGAWLRGHALRTALQTLLKEIGTQSVSIATIDAVRTALREKGGQTSRAVPPDAATQALDGQLQTLKRALHDSEELRQWQSGRA,1
MRIQPRQIEESSSPSATSHEQTHPDTAVAGQTSASPPQTPVAAPLAALSPRRRASTSAPATASHATVAEASSNETAPATTPAPSTETGLLARARSALTTGAQHAITGLSQAAHNLWSISDLRTMLEPQAHDPAFLQMVRQLDQEQAAPHSLTRLNAAITQLRGAISNPENGLEERFRNAFLSDIKAVEDALHPLEHGTPATGRALKALLNLANAWPLLVPSPFMANQAKTFAYSLALAARGVLMLSASALRSTADGLPIPLIGGGQFGRDANELHLYAYLLNGLFLPLEITKKAGNEAVRHQAEAVENNMGFGAAAATACATIMVTPFLWSSISALGNRARDQASRLQANAAHRLGFTNYAQRTHAGMTPGQISAELRTQLDQIAAVLLDGRDAFHQVRRDFTGPGQGHELTRTLNAQCTQLLETLDRCCQRLSTVLQHGQGPGRSESIPRQLSNNDIASKLSLALLGTAVSGSAIYLIQPDRIGTVDTLADTAVVTTVMLQSAFNKNANRQDTMERFKAMCGGSMVIAMALTAEKLAKTFADRSLIEASSASPYYAGAIMSLMAMTMPGPVANATESAMNWGGRQISRLFTGPDGTQLATTVASTPEELQETTHRTLQYLLQLSPQHLQAYEEHLAPDAALQAIQDASAAARPSTSGVTITEIEEDGSVAAPIAATSHNSPPHLSTSADAAAPTTAALEASTQTIPPQGADAAALARPIAGESEKDSDVAEPSTPTTLNGAHSDDATAGRHSTLH,1
MRVQRSTAQHLVTRDSAAVETPPAAESPQDREGWPLGLNVLQKRPLPKRTHRDESERRPHHGDANARVTEAEAVYDIFVVAKYLADPLHGTADETAELIDDIPPRGEPGHSPESGESAHPPADDPPADHPPADHPPADHPPADHPPAPDGHHLPPPPHAAHPAQPHPAHAPHAPTPEGHHGPHAGAGHPADPHAVGHAAEDGILHALAEEGAPAGAFDLAMSLSISGAMLPLSSLAIYAAYKETREVAEQRTHLRQQERRLRSEQARLQSGLDTTTPAGAADAYGHALSEAIDTNAYLQRRNARDGAIAATSMASAGVIFTKAASELGIQGGLAIASKSANAAGLVGHSAAAAGAASAACIASSFVLAPLASVAATALGGAFLHQSRREKTRVAVDVGRVQRFLQDLEPGELSPGAQRYQHFVSTKLGEYYSFARQFNQCNKGFVVGGITYTASTLTKVGVSAAVLAGATVAAPVGTGLIIGAGLLGAATMGVGSHQFLLAHGKQKRYRRYQTEDMPGVDRALLAVADLLPAPEAESAASRGAPNVADQLQPTAVDVALTPVAEEAAGSDEDDIVAEPDPGLEPKHRQGASAARDAQPAMPEPTASTADRSSARAADKVVPHHGFELRSALYACIDGQEKALEAFLQSSADDLQKLHAVKARSTDQSKDSGQSAPAAPLRRRIDAALRAAANYERAVLTGKPQEALGKAMRSHAKHSPALTETALAQWLQTPGSVKSQIAYMQCCLELQKKYLDAKLSAQADLPQPDVHDDPHSHGETPVATVDQAPERLLAQLHQTRTRDDTQQRAVGLMLQELQMAEQEQASPDARSQARAAARMPGLQQRLIRVLTSNVIVPQEGVAGFARFCMKQARQHTTHVRGTLLATEIQAARIREQAAAAADASTT,1
MRPVQPNPAASSRALHADEATPHAVSPASEQCRTASEPPLGRAPSRPAATNLPGRFRRRRNPQGPGPSPLGRMKRYGDQTQGHDGDSSVSPRPTAAEMLRGIPQMDRHRSNLDELCQFVEHLTLVPSHDGTTLDCDPTTAPPSSTAEALRLFDLNSRTPVPLDTLATLVECFGRPNETSQAAPAAPSENSDPSRLLRAIREKDPLLGERLASLVENGEDTPHHPTTVAPDNPDIAPMLQLIRETNPQLGDQLAALCERATASGITTVPTGSRSSGG,1
MTASPSKLAQLRELSVVVADTGDYDAIKRLQPVDCTTNPTLVKKALDLPVYADLLERELAWGRAHGGDDRTTTVDEVADRLTIGVGVKLSALVPGRVSTEVDADLAHDTQATIAKARKFIAMYAERGVPKDKILIKIAATWEGIEAARQLQLEGIDCNLTLIFNRAQALACAEANVFLISPFVGRILDYYVAQGQTPASIDEDPGVVFVRTVYNAFKQRGSSTVVMGASFRSTAQIEALAGCDRLTISPDLLEKLDAEHGELPRKLSPGKADNAQITPIDSDSFASGLAADPMATEKLASGIDTFAKDLHALRKTIADKLAG,1
MPRIPHRPSAIAACLPGMAETISHPSRPSAKRQTHNKLATPDPRAFEAELIQAQDDPLGWSATLLEQASQASVVEPGLKAAPKRRHTRLRPCGKAAERLGMSSGAPEPHATLLRYSSVQCERNRPADPSDSHASAARSPQAALPPPNASQDLNGALIRRLEQSNHDLAARISQRRRDELKYAHAQTLEAAREQLALRARRAVNLSDSISVLTRERAALLQQLHGCNVQTDAVSAAMQDLQANILSTRAALHALPVDPQLRAVVTHASQSAANTHQSTDSSPLQLTCTRLENALRDARARGDALAKAVFFGRGSAQATEAEQALARTNAQIDQLQSAYAQARDALQSDQASSSASAPASRTLASHLAAEQSQEIQALRTQLARDEQMLSLQSVHAERCQRNARRLQERLVQVEATLKQAQHSSRVNTTELWQQDHTVSALEAANGDMQRAVETAAAQSPADEARRAPDDSVAEAMAALLDALPGFREDTIGPMSRQVLRTWAEGLHRRSAAFGTDALQPVDALNIALQALSIASQSDATTAANVLQRLGEVQLRELIPPPQVSNAAEAVPPMEAVTTCVGLLVSVPRGMQVLLHMLREEPTAPAREWLEAAQVHLRASQRLALTPDAQQAERAWLANAQMGARHAVHGATPLQGLQSATDAQRSAFHAIRNGYETTRAGSPYARVNASLQMFAQWAVAGGQTRGKRALNPFNALKLGMKVGASEALPTAGRRANDAFREAAGHLSNWLVARRHIQMTCGQLPSQDELAMQALAECVQWLPHEQSATELIFTAKVLAEIEQRARELQDSVTASLSTTDARQPAACHPAIASAWVALRTSRMRLPETMRLIQRGLLDHAIQPNDTPAGAAPLDKELASLARNHFHQAVGNASRFLHEGDTSRVRSPRALFACLRNMMERLEWRDKLRITEQRVIGLNTTPLSAALAIIPSGLGLKLSAGGQVSSDRSVEIYMGRTGLSLQIGQQKARQFQASTGISAGVLLPGTEHAPVGITGAAEWRIKKESGIEHGVQIRVPRRGKGQELEQRAQFLAMFEHLLQLAEQSGGDTSQLTERDFLAELLAHHPSITVGLIGHAERNSSTTESSVSVAAGVRVGNMDGRPRRATLGASLGLKARRETSRSQTPIEGYMTMVLKDSTAQSRVDIAGRASASLVAQQWTQPSAGNAPPSPVARLSMAALDLGYSRELHLAGSNTFSTLWMFNNEIDPVRTDRGFEFFNFASFEREVKRNWQLWTNYGISKLQGKVDDHRLYMVAERQLQDFIDRVRIHMQDNKFASLIVDWVLQAEAAPRLDALRAQAQLLRVAGSEAQAAEADRAFDELINHPSIWEPTILILREKGKRQRERGIDFFVKRQTNQSAEAMRTVGQWIPYEPVP,1
MIGLCASSVPADKALSRLWSPRAGFAACQRNVDVARVVHLKQPRLSCASLQAGYIANKQENPKAEPQENLMDWLRDAHATEQQAEQMRKAQAARIAHYPQRKARIEQHLEETLGQRRLVESCIERLGGSPSVIKDAMGKLAAFGQAMGGMTTSDEIVKGAMASYVFETLEIATCTALLGAARTVGDIETQRVCEQILPQEQAMADWLLAHLPEPIKEFLVRDATSGVTAKK,1
MDPIRSRRPSPARELLPGPQPDRVQPTADRGVSAPAGSPLDGLPARRTVSRTRLPSPPAPSPAFSAGSFSDLLRPFDPSLPDTSLFDSMPAVGTPHTAAAPAEWDEMQSALRAADDPPPTVRVAVTAARPPRAKPAPRRRAAQPSDASPAAQVDLRTLGYSQQQQEKIKPKVRSTVAQHHEALVGHGFTHAHIVALSQHPAALGTVAVTYQHIITALPEATHEDIVGVGKQWSGARALEALLTDAGELRGPPLQLDTGQLVKIAKRGGVTAVEAVHASRNALTGAPLNLTPAQVVAIASHDGGKQALETVQRLLPVLCQAHGLTPNQVVAIASHDGGKQALETVQRLLPVLCQDHGLTPDQVVAIASNCGGKQALETVQRLLPVLCQAHGLTPDQVVAIASHDGGKQALETVQRLLPVLCQDHGLTPDQVVAIASNCGGKQALETVQRLLPVLCQDHGLTPDQVVAIASNGGGKQALETVQRLLPVLCQDHGLTPAQVVAIASHDGGKQALETVQRLLPVLCQAHGLTPDQVVTIASHHGGKQALETVQRLLPVLCQDHGLTPDQVVAIASHDGGKQALETVQRLLPVLCQDHGLTLAQVVAIASNIGGKQALETVQRLLPVLCQAHGLTPDQVVAIASNGGGKQALETVQRLLPVLCQAHGLSPDQVVAIASNGGKQALETVQRLLPVLCQDHGLTPAQVLAIASNSGGKQALETVQRLLTVLCQDHGLTTDQVVAIASNGGKQALETVQRLLPVLCQAHGLTTDQVVAIASHDGGKQALETVQRLLPVLCQAHGLTPAQVVAIASHDGGKQALETVQRLLPVLCQDHGLTPDQVVAIASNSGGKQALETVQRLLTVLCQDHDLTPDQVVAIASNIGGKQALETVQRLLTVLCQDHGLTPDQVVAIASHGGGKQALETVQRLLPVLCQDHGLTPDQVVAIASHDGGKQALETVQRLLPVLCQDHGLTPDQVVAIASNGGGKQALESIVAQLSRRDPALAALTNDHLVALACLGGRPALDAVKKGLPHAPEFIRRVNSRIAERTSHRVADYAHVVRVLEFFQCHSHPAQAFDDAMTQFGMSRHGLVQLFRRVGVTEFEARYGTLPPASQRWDRILQASGMKRAKPSPTSAQTPDQTSLHAFADSLERDLDAPSPMHEGDQTRASSRKRSRSDRAVTGPSAQQAVEVRVPEQRDALHLPLSWSVKRPRTRIGGGLPDPGTPIAADLAASSTVMWEQDVDHFAGAADDFPAFNEEELAWLRELLPQ,1
MKPAASATPLHRTAQASPAGIHEIEEEASAHASPSHSPAQSEGALTMLSRRPSKRGKETADVTASAAQSASHLQSVELQFSQPAVSPNTGNASLVRLKEQLAADNLRPVEPELAAELINKTRPMKLADATGPQERAATHADLLGRIRETDAMAWYRAQGLSENEVANLRRSALLSGMPNPTGSFLNNAMQYIVSPWINYATRQPWAGAGFGFATAAIAAPMNAAQQSAVVSLCESIREHGGHVIVPDKKQINDKHWLPALAKALESHIAEFSGCCDRFRALKDAADQNPAAQPTADFIAAAHQLLQAETRLHQAQHDFVMTQGAHERQWMGNRWQAVPRILRSPLSGTLGLLSKTGAMRALSPTAQTVGALLMSAAQHVAAGFDEQAKQDYNNKLNLLYADVLTDTGKAKLASGEPVAAKEIDQGKLRKLIQSPTQALVRRVTSGLVAMEKELKAEVAASRSPQATTGADDLDLEAGHGAGPAKALKLLSQDLKALREGRLDELDPDGVAATLLLGAEKSVISNQLIGDIIKKYTSREFSAQTAQRIGQMFHLGIMGSAASSVIGKATSAAQGGTRNMPIPQSLVISALAGGMAAVGALNQHTAITVKNNRREGDTDIGLKQQVLRGVMGGANEALSQRRATKASQAMNALVQRSDVEELLSRAKALTQRSGATSSATHASPALTLPEAVEKLRPGVASASQSHEVIVQIGEEDRALPPA,1
HACPLADDNQFHAGWNLSDALIINNQLGLNNINPAPHEIVNLGHEGSLTLQDGKVHYFDQLTRGWTEAEAGCQQLKKGLDGGAYILKEGEVKRLNINQSTSSISQGRDNFFALPHVRNKPEPGTALHGLDKTDKAQAIAVVGVNNYLALSEKGDIRSFQIKPGAQQLARPAR,1
MYPLKSIQNSITTPLMSGSQPLEAEGSQSQHSHPDRILPSLLSQSAQLALDRLSAQPNADYQRVASLVRNALQDGKFQLQPSNDTQVIYKTSVSSPAIAATIGAAHLIDSELTVQARLNDQFEYDIVSAHLRGPSQDISIDAFSPPPANDLASSGLSERTHLGMNRALLRYAVPPRETEDQCVMVIDKVPPPKHGQMSFFRATNDLSKLPSGMETDGLSDLKLAGCERISSVEQVKNIRAALGGGPLTVLDLREESHAIVNGLPVTLRGPMDWANAGLPQVDGAARESAMITELKRAKSVTLVDANYVKGKKSNPQTTELKDLNVQSEREVVTAAGATYRRVAITDHNRPSPEATDELVNIMRHCLQANESVVVHCNGGRGRTTTAMTMVDMLKNARNHSAETLIRRMAKLSYDYNMTDLGSISALKRPFLEDRLKFLHAFHDYARNNPSGLPLNWTQWRAKIASE,1
MKPAASATPLNRTAPASPAGIHEIEEEASAHASPSHSPAQSEGALTMLSRRPSKRGKETADVTASAAQSASHLQSVELQVSQPAVSPNTGNASLVRLKEQLAADNLRPVEPELAAELINKTRPMKLADATGPQERAATHADLLGRIRETDAMAWYRAQGLSENEVANLRRSALLSGMPNPTGSFLNNAMQYIVSPWINYATHQPWAGAGFGFATAAIAAPMNAAQQSAVVSLCESIREHGGHVIVPDKKQINDKHWLPALAKALESHIAEFSGCCDRFRALKDAADQNPAAQPTADFIAAAHQVLQAETRLHQAQHDFVMTQGAHERQWMGNRWQAVPRILRSPLSGTLGLLSKTGAMRALSPTAQTVGALLMSAVQHVAAGFDEQAKQDYNNKLNLLYADVLTDTGKAKLARGEPVAAEEIDQGKLRKLIQSPTQALVKRITSGLVAMEKELKAQVAAPRSPQATTGDDDLDLEAGHGAGPAKALKLLSQDLKALREGRLDELDPDGVAATLLLGAEKSVVSDQLIGDIIKKYTSREFSAQTAQRIGQMFHLGVLGSAASSVIGKASSAARGGTRNVPIPQALAISALSGGMAAVGALNQHTAITVKNNRREGDTDIGLKQQVLRGVMGGANEALSQRRATKASQAINALVQRSDVEALLSRAKALTQRSGATSSATHASPALTLPEAVEQLRPGVASASQSHEVIVQIGEEDRALPPA,1
MWNVSKSSNNLGAYKLPLEAQTPPEKISPFDAMSAAQPEGKAPHDQLQNDQYPIQQAEDRGRHLVEQAEIQAHVQHCHSKAPEIGDATKTQSVSEKLGTAKNSSCDASQILIGSKNDDFHKNKAGSNGDINKSSDPSALRCSLSPAPRRVPKSKKSYGAATIGGKVYHPHEKTDSTIADFLSRSLSNNAYRSERHLRKRALAYLNHISAEKEITSNACFAMKDVNSFAHKQSEWLCHLERSLWRDEPALQFHDRQQLGNEVLGLKKPDDQSPYFKPRAWKISDEAASAFAMMLKGESGPFTQDQVKVGFEICQEGELLAGRLKIQPRMAFRLKNRHDANRSGTHSVKSLSGLDLSADVGTDIREFFQVPVMSGTSGTSSDVVIAARYAAMHAGLKWSAPELTIDQAKHALIDLSMDFFRRNGPAVVMALRMNSLRKNQGLPYKEVDRCEVFTHSYAEIHGAISLTIDGVDPADKVEVKNRLYGYTLDAKATLMKIADRSIRRGVRSKVDIRSTSTSLQTPQLRRVLEKKKIVQKVAELYSEMGKAGNSATLKEAITKSSVKELLVNDKPVVSRDYALGEPLMVRSLRFSHDHEATSSFGSAGKTPAKREVDTLCDNSTAFDIVMTPFSVINAKAKGDTISEMKVPHRPKWKGLPSVLYKVTASVDLPEYAVARPGFGDIHSFNSNKAFSSEFSSVRNSLSHAEKMGFIENSLKPYIKHDPDRESFDFKHSIDELADAQCMLQSRKPNSTLRHNEYCAKLELWDAKAIEVGMSRPVAVATLIEFNLEMLSAARYIEDEGYDGKLITNFLERQLSWFGQNAALNKEVTLKKLWGLPFDERKAVAEKVCEALRQGVSLCVYEKNVEGSRIRELSLLNFNAYDIMRGIELFLSSKLLQPPTGAGPTVKSRL,1
MGCVSSKSTTVLSPQTSFNEASRTSFRALPGPSQRQLEVYDQCLIGAARWPDDSSKSNTPENRAYCQSMYNSIRSAGDEISRGGITSFEELWGRATEWRLSKLQRGEPLYSAFASERTSDTDAVTPLVKPYKSVLARVVDHEDAHDEIMQDNLFGDLNVKVYRQTAYLHGNVIPLNTFRVATDTEYLRDRVAHLRTELGAKALKQHLQRYNPDRIDHTNASYLPIIKDHLNDLYRQAISSDLSQAELISLIARTHWWAASAMPDQRGSAAKAEFAARAIASAHGIELPPFRNGNVSDIEAMLSGEEEFVEKYRSLLDSDCF,1
MGNVCFRPSRSHVSQEFSQSEFSTASPVRTSERPSDASLDAGLESSSACHRSGLRGPAKHSMLSLDEIGLVGAARWPDDAPGLNISNKSNTQENKRYCESLYQAARIAGGSIASGRVTSFDGLWRNATKWRLSRILSGDASKIDFATVRMPNTRFVTSLRRPYHSVIERVRNHSDANSEIYEGEYLGGIETKVYRQHGTISSTTIPMTIVSAVADDDDIHERLKSLPKNERRHLKDLMAASHPNMITHTDAVYLPMIKDHLESLYLQAIDPSLEQHEALELIARIHWWAASAAPDRRGSAAKAEFAARSIAFAHGIELPPFEHGAVPDIEAMLRSEEQFVEDYPNLFERPPQ,1
MGNICVGGSRMAHQVNSPDRVSNNSGDEDNVTSSQLLSVRHQLAESAGLPRDQHEFVSSQAPQSLRNRYNNLYSHTQRTLDMADMQHRYMTGASGINPGMLPHENVDDMRSAITDWSDMREALQHAMGIHADIPPSPERFVATMNPSGSIRMSTLSPSPYRNWQ,1
MNPIHARFSSVEALRHSNVDIQAIKSEGQLEVNGKRYEIRAAADGSIAVLRPDQQSKADKFFKGAAHLIGGQSQRAQIAQVLNEKAAAVPRLDRMLGRRFDLEKGGSSAVGAAIKAADSRLTSKQTFASFQQWAEKAEALGRYRNRYLHDLQEGHARHNAYECGRVKNITWKRYRLSITRKTLSYAPQIHDDREEEELDLGRYIAEDRNARTGFFRMVPKDQRAPETNSGRLTIGVEPKYGAQLALAMATLMDKHKSVTQGKVVGPAKYGQQTDSAILYINGDLAKAVKLGEKLKKLSGIPPEGFVEHTPLSMQSTGLGLSYAESVEGQPSSHGQARTHVIMDALKGQGPMENRLKMALAERGYDPENPALRARN,1
MAAAAQVSHGTATWLAATSARPGTPSAPWHQGAERHPLGDVAHDTPAPALACSPIYVWCEIAGLSCQLTAMADTAQNTDRRRPMVYTVHIRDGS,1
MAGINGAGPSGAYFVGHTDPEPASGGAHGSSSGASSSNSPRLPAPPDAPASQARDRREMLLRARPLSRQTREWVAQGMPPTAEAGVPIRPQESAEAAAPQARAEERHTPEADAAASHVRTEGGRTPQALAGTSPRHTGAVPHANRIVQQLVDAGADLAGINTMIDNAMRRHAIALPSRTVQSILIEHFPHLLAGELISGSELATAFRAALRREVRQQEASAPPRTAARSSVRTPERSTVPPTSTESSSGSNQRTLLGRFAGLMTPNQRRPSSASNASASQRPVDRSPPRVNQVPTGANRVVMRNHGNNEADAALQGLAQQGVDMEDLRAALERHILHRRPIPMDIAYALQGVGIAPSIDTGESLMENPLMNLSVALHRALGPRPARAQAPRPAVPVAPATVSRRPDSARATRLQVIPAREDYENNVAYGVRLLSLNPGAGVRETVAAFVNNRYERQAVVADIRAALNLSKQFNKLRTVSKADAASNKPGFKDLADHPDDATQCLFGEELSLTSSVQQVIGLAGKATDMSESYSREANKDLVFMDMKKLAQFLAGKPEHPMTRETLNAENIAKYAFRIVP,1
MKKSLAGRLTKFPGMKTHATNPTAFRTNSPYAHAEKSGLTEDQSAASSSGAQQPLGRPPRKRQRMESDDPRASTRDRQPFTANALKKEEIDASEGAWDRRFRPWQPAAVKNARIKTEGYPDRATDDVGTSSAQHRPQRSSQHYGVEARAFRPREPPFEWSARKRPREEQAPSRQPKRPFHGMGLTTEDLRRAEHQLDWAAKKRLQAQRQQQQRQLSEPHGIGRNHNAGRCVSMAYDNELAHRMRGGMALPFLEESVNAQVNAQRLDKYLQLIATARCARAGVTPGDLDRCTELAAQYLFGTGWFEGASLAQLAHLGNKLSKHPNQPACMEAIAWIAGELTQVDDLVGLGGYPSVLLLNAFSKNLDSGRCERAVARLARHLRRDDHARQTLNAQNISLALNALSKWSDNPECQATAHRFAALVASDYRLRCAMDAQSVATALNALCKWPDTPDCGNAVSALAERLADESRLRKELKPQELGNALNALSKWADTPVCAAAASALAERLVDDPGLRKALDPINVSQALNALSKWADIPVCAAAASALAERLADDPKLCRALNARGLSNALNALSKWPDSQVCAVAVSALAERVADDPELRKDLDPQGVSNVLNALSK,1
MCVARPQSERDGCSSIWGNQTRTKQFIGRQLLGGRTAYTHGRKLQKPVRGVTKTGNSSTPNKQVIPRNGCGLEVFQGRLLHIHAAARVRCQLRTSAARRTRSARGERANVIRIGNDRARPAEARQRPRRHRRQCCRRAASWAPRLARTGHPPGELQLDRWAVDPGTGALPGDQDAMFEEAGLAHPFSSKQNTSFSSPIGSAGGVPSCRSDARIQTCIAGGPDSMKPASIRPDTSTSTAYTAEPPPSADPADGIAQWPAPHPDCQGLPRQRPRKRVADTAGDGDGARAGSRARPCGSDAFAIPDGFTREQIQPFHDLERQYAALFCTSHIRAVRSARDIQASRTMDVDMDACVVINLAQDGFDSIGTHGLSSCVCICAKGKNPRGHDILGLLHYSGIQDAQDALSEIRDDMREEGVRKPDIFLVGGMISNQDELGSFEIERDLLALGHDFNIVGAKLHPSMSDRNGEENAINLGMTADGIYYYKSW,1
MGLCVSKPSVAGSPEHYAAHVAEQATPSEEGSGTPAQATSSYSATDPALQGLARRGKKVDLSRSGLPERVALKTKLLANSLSDAKDAGVRSSIVKYGERTLKMLAANKQPDEALLKLDIKNLPALASVYNRRYPGLNIQHFDSPIDFLQSLSEQTTSVVSQRAVLRLERDGEHHVAADVRRRPNGEASVIVLEPARLLTFVTGHTQLRRQALSQLGENAKFAFIQVGAQKSAADCLMFDLHFALHAHQHSSLFDQWHDNMVNHGTIDPYGQGAASPDALLEDAGVELMLGEQMLPAIFYKHTHSSGVVEEVDRSQPGSAYTDVSTSGRQQQHESLEQRVQAFRVDRGYSASIETSRATKIRSALETAISDRQS,1
MRREQCTKQCRRGRSCAGAACLGRWRGGIGAGCGGQRARSTRSPATLLVCLQRYVARACTACALWQAPCRLFRVRQWFFGRMRHARSRWGTMARIHSGEVTMRPLALTSVTRRGARREQQEGATVADAGPPAPANDPHANTQLAQSLPRRPTAISTMTCITRILL,1
MKQISGNFTLPSTALRADAERDAPETAQAPEPHTPPHPVADHPLNLLEKRRSITGVLADERKRLEVVVPRLQAALAPHTWSSSSSDSPTTPVTGRSPRLGPQPGSPTWACLLETPARLSALAGADSSDAFQNLRNARRLVSDTRHARQHVVLSPRLVKSLTSRSERPDLIQKLSALKPGALDVDNGFLHVTLETGHAGTAGTLDAMPTVGTGASASTYAVRLAEDLWQGGQNCGRDFIFKALLRTDPQRPIPPTLCDPATAADAPALQQRVAERKAMIFQEYQMIRSVDAVPYIVRAHGVVQIEHTFGILLEKIDGISVRSMIGRARTALQQGAISAMEYLGLARQLMADVLVGIACCEDAGIVHQDISHNNVMYDQPMKIFRLIDMGLGAEEGDPNRGGTPGFYDLSTPARHARDVYSVAQLLVHVLKRPDYNMGMIGINRAKTADTFPFMDALQALPADHKRIVVRFFNSMLDDGTGERTKAERLLRDPFFTEPPLPPRDRMHRTYEKLKRLPSF,1
MKAELTRSHSLSSLERIRHPESDMGNDCDLEVGAQPKHSGFCQSEDSRLPTTRPPRRRSTSSGATSPKSTVQGSGHTDNSGLETPLLISLTGLQKPRHMGLVRRESSRLVSADPVVHALLSFAQVDQPFPPQVASTDGVRLELVSRRDPEKALEEFKDAFTVETAQLMPAANSSERTAEQIDADIHIPLLLKAIERGSAAFGPSALIEMADGSQISAKAFLASCAPDVMSNDDVLSAFINQKLKGDEDLQVRLGAQELLYVATKKEFQLGGLAGSIGVSSVIGSVWELGASELLKKAIFGKNFSPSQYALQLAGIDSVPPLIIETMDTMCVLAIIKGMKGEDWSLRDLLPKAMKAGAISSIVSFPNNVLQYTGFKSGLGDLAANMTTTEAAIFGAASGIPPEVKESEETMRAGLFQSIKDGVMACPSEKMGPEEAIEQMARHALDVAPGESTAVKSMGLAAIVGMIPLIAGSKATGLLSEKVLRIFRSTVFNPIEAIALNALALGGRIHVPGLFESDNAKHARVVQTILARASEQMESEAREITAEELHHILAPRSEFLRHVGTAIVKGMNASFEVLPALARKLGYGETPLNKRIPYQDLAVSNTSHQPAPEP,1
MSDMKVNFSSKIIDSTPSEEEVATQQDSYTKSGLVAPSLDSQALKKAPRKRVIKENIAALHTSSLERVHQKKVLVQNLAQLQRGLAKINGRVELEELIDGFSVKELLIKRNPKIAEEYGEGNPLMIRSLRFSNPQEVTSKLGAEGKTPAKREVDTICNKSTLHDIVMTPASLVKKEVRMNLISEVPRAKDKQKYRGLPSVVYGQSSRRSESDYLTSRNGFGDVHSFKSNNAFNSDYEKICGSLSHAEKLGLIERNLTPFIRHDPDRISTDFVHSIEELAEHQMLLQSRKPASALRHNEYCTKLELWDAKAIAVGESRALAVATLIEFNLEMLSIAQEIDDDGHKSKMVADFIERQLSWLGPQTALDSKSTLERVSAVTIQEREFIANEISRSLRQGVSLCTYDKDEAGSHIREMSLLDFRVEEIIEGISIFISSKLLHVTNAGEA,1
MGNVCFRPSRSHVSQEFSQSEFSAASPVRTSERPSDASLDAGLESSSACHRSGLRGPAKHSMLSLEEIGLVGAARWPDDAPGLNISNKSNTQENKRYCESLYQAARIAGGSIASGRVTSFDGLWRNATKWRLSRILSGDASKIDFATVRMPNTRFVTSLRRPYHSVIERVRNHSDANSEIYEGEYLGGIETKVYRQHGTISSTTIPMTIVSAVADDDDIHERLKSLPKNERRHLKDLMAASHPNMITHTDAVYLPMIKDHLESLYLQAIDPSLEQHEALELIARIHWWAASAAPDRRGSAAKAEFAARSIAFAHGIELPPFEHGAVPDIEAMLRSEEQFVEDYPNLFERPPQ,1
MQDLSFSTIENHLGPAKDRFFGDGFKHVEYSARHVNLTESEANASISLSYPANWSKKNDSGELIPHLSSIDALTISINLSQDILLNRFKSIDHCWVRRISIRAGKKPEEDLRNINAKITKESQGLDSQGDTNLIFGGNVGTMTVQLEFIIPAAHEVDTIKDSTEKNCYSLHFKNRTQFIDDIIFYSPLNAISKLFVANDNEPHFLPGGIEANYPNIINPVDSLVSHAQIAQALLYKLDGLTRGESNTLWMRNLNIIAENPAKRRAATRLLVTELKRANIVSLKGENWRVAEVAGHMNGITFSSSVAHLLPL,1
MHRPITAGHTTSRLILDQLKQISRTPSESSVQSALSQQASMSSPVLERSKSAPALLTAAQRTMLAQVGACNSHLTSDENMAINELRLHKPRLPKDTWFFTDPNKDPDDVVTYTLGKQLQAEGFVHITDVVATLGDAEVRSQRAEMAKGVFNKLGLHDVHVSRGRDYAMNSLQSKEHAKFLLEGHALRAGPGEIHRDSLQDMSRRLARAPHGVGIVVIAGMSDINALITTCPDMVRERVDDITIMGGVEPLKDADGFVQPDARAYNNATDMDAARSLYRKAQELGIPLRIVTKEAAYKTAVSPSFYEGIAGSGHPVGHYLRDVQKSALKGLWEGIQAGLLPGLDDSWFFRTFMPNAQIEAAQLDKNKESSFEDIWPKVTKLNLYDPLTLLASVPGAAKLLFKPKAIHTEGFGVVEQVGPDDVTHPEKAKLLMSALAKSALVQSTVAPD,1
MNQVINFLNMIALSAMRRSELVGAFFVIAIVFMMITPLPTGLVDVLIAVNICISCLLIMLAMHLPRPLAFSTFPAVLLLTTMFRLALSISTTRLILLNQDAGHIVEAFGQFVVGGNLAVGLVIFLILTVVNFLVITKGSERVAEVGARFTLDAMPGKQMSIDSDLRANLITVQEARKRRAELNKESQLFGAMDGAMKFVNGDAIASLIIVAINMIGGISIGVLQHNMSAGDALQLYTVLTIGDGLIAQIPALLISVTCGMIITRVPNTEASAEANIGREIAEQITSQPKAWIIAAVAMLGFAALPGMPTGVFITIAIICGAGGMLQLQRARPKPDEQRATAVAPEMNGKEDLRTFSPSRQFVLQFHPGQDSAQIEALISEIRRRRNRLVVQYGLTLPSFIIEHADHLPPDEFRFTVYDVPMLKATFTQSHVAVDARQLGGENLPAAIPGNTDRQEDQWVWLPAEQCGELNPVSAMTLIVERMERALQSCAPQFIGLQETKAILSWLESEQPELAQEIQRVLTLTRFSAVLQRLASERVPLRAIRLIAETLIEHCQHERDTNVLTDYVRIALKSQIYHQYCGAEGLQVWLLTPESEGLLRDGLRQTQTETFFALSNEISQMLVQQMNIAFPVRAPEQAVLLVAQDLRSPLRTLLREEFYHVPVLSFAEISNAAKVKVMGRFDLEDDLEPIDNEHAA,1
MVKVTSSGFTANPLPHHADSVSPANSPPQLPEPLPLVDESPSSHKGGMRNRAHASLNSQVLGLQAVPLQRGRHVRIRSHTDGVSVINDWLAKRPSVQSETSLDNNGKLVRYTAMHHEPLAPRNEAFFTSVPGMLMAVLTVHPDIEYGISGEITADAVAARLAEPPIGLLTGVWQSSHDRAYIERGGVVHTANMEERWTSLTLPGADPREPLRMIGLQADGDVYLHNGRQLWRATDTSAESVPTERLPEGAAVRIGAGREVQWLHEGAVHSNGISRPVELLRPEASGLGVEQSPARPVDLLPLPRGNAALILDDKGRIYQADLKGIGPVEAHRLKLPGDFAQGKGWAVTTMGLSRDNTVHLMLQDQNGRRMSLQRAQNEVLFRPAYLLDRPLLLLYTEGLHVPSETAVQSHVQLDGHAQVGHIDGVLHYQPAPDQPWERLRQPGGEPLTGVTALYSSALGFIDRKPVFALLGDARQVVELKLEGRTSWLPTDAELPRHPAGGPLAVIPDTVELRARLIAQFDEPVQALAVHNNRQSVALMESGLLIAADADGKVRRLPLLQRPIALAIGLNDQLLVLHHPRNQRPQLKRLSAKDDWEPVPIILPGIDHPSNLRATRTGQIQLQLGDNWHTLLPAMTSHDNRPLPARVKPEPEADELPSENFLAGTNARVNQQQASRISTPHHDASAVTTLMGTAANNPLTMTSSVQAVVDTTRAQVGALARDVLGGVTKNTMRAMAHKLGVVLPPTTQERRLASFHYEAKQAYTSGKTLFEQLPTLAQVRVASAVGPSDGEKFGLSHQQTQRLLNLREEKLEALLRDLRKIGFHEGVIMGDMGDGESAGDLTSTTSTPTFRLAELWRRQHSQVNKALSSVGLSRSEDILPNLNQSIKALAGGAALHADRMGEREAELLSVLCEVSEKIMRAGVRLPADDGSADSASSHAPHGLRTSGLMAGLVDYDALLTSTDTQALEMAERLQQDARLPGLCKLGLSSWVQLAAFDDVVTTFREQISLPGSARRTQLLKNLGLPPDAAPDEMAARMSDLFLDLFNRSTFFSTQSRGLEIRGSLGGADWKHLNAFSVGITGEALQVLGVERIGDGKDGDAGLVAFFVRHAKASVSATSGVGIDFKPGLGTGGRVLDSRPGRSMNSTWGGSANLGISGTYQHGQGAAVIIAPSTISDFVRLLFDVNHPDSTQILRTGVNGGSIGLDLFETNLNGSVGANVSVSPFSLSQKYGPQKPSADAAASGADNRRSTASGALSVGATAQAGAHWGQMELHLDHAWAEIIGLEFQGRTDFNLEFNSNLNLGGALSSALGDRPQKLINASTGNGNLQLAGIRVASSDVQLPTDSVVDDKRRGPFLSTASYKRTFDTQVAKPITADEWSQMRQRLASAFPDNIGELGALAYSTSPSERIATINQMIDRIQSSKARNVEAGGALDGNALRRQRLDAAREMSNAGNSVWQASSEIDRASVVEMLHQLRQQEQSAVQHHARAIPGARVEFNLFGRESLETVVFHAIGHIGLGSKLNDMAELRRKTPGLDQVMRCFQSLPNINQVRYVFEMRPQARFAINDALLAREQQASARALGLPGSSASELNWRGVLDKIKNTPDLYRLAAIAVHNTDENPVTSRIGLPLLNVSATGATSHQLFEAEIQFRYGLYDGLQGIEVLEAGSRALQSPLRVLQQSGIQALGQRTQAGDVPYGPPSPRKEATMRTAGEAAALTTNDVWRQLDGKIQRMNSAHEREANAIGSFQHAYGTASAHVDRLLLRIPELPAPEIDDRNADGESVRGAFASLKRNHQALDEDVKAMRQASEMVYSIPGERTRQTETSALAHVLSVEKSRRSLGHAMEILAGKGVEAGTATGLELNRVSSQVNALVVRRDELLTQLERGAQEGGSNSEEMAMELQQTTSLLQRLRADLLGERQAMDATAKRLDQANRVALEGERSFSDAVRDMTWGELDKMPQ,1
MPSFDVISEVDKHELTNAVDQANRELDTRFDFKGVEAKFELEDGKVINQSAPSDFQVKQMTDILRARLLARGIDVRCLEFGDVETNLAGARQKVTVKQGIEQKQAKQLVAKLKEAKLKVEAQINGDKLRVTGKKRDDLQDAIAVLKKADFELPLQFDNFRD,1
MWSQPVWNPYASFDTGTASSHSQAVQGTATNYLRGPANYSKLSSEEQSLVGAARWPDDAPGLNISNKSNTQDNKKYCKSLYKASRIAGGSIASGQINSFNDLWQKATQWRLSRISSGDASKGDFAAERMPNTRFVTSLRRPYHSVIERARNHPDAETELYEGEYFKEIEVKVYRQCGAISGETIPMTTVSAAVDDNAISARLRNLPKDKRQQARQSMASSHPNMITHTSAEYIKTIRDHLESLYLQAIDPSLEKHEAFELIARLHWWAASAAPDKRGSAAKAEFAARSIASAHGIEMPPFRHGIVPDIEAMLRSESQFVADYPNFFERPPI,1
MDKNLNLWDMSTFIQQYGALTADHPTHTPEDSPQTVPSPRSSSAHSPEIQELRSLQETRPARLGARSQSRSSKHGLQQCSSSPSDESFRLHAELAAWCERVETKPSLLAKLGCCAAPPVVGDHREQRREAMERIMRCLDAGQAGTQLTLRDLNLSQLPPGLHRLAHLRDLDVADNVNLTRLPEDLSLCKHLERINADGCSIAALPSKIGALKNLSEISLAFNELRTLPDSIGQCSSLTTIVVPGCKINKLPASLANLTQLKKLDVAANIELSELSPHMNLDDVAVHSTQTRLGLMHRIFKAPTFDPETRQRLSYQASALRDRWAALSHHLSPQARARVDQMREGASTTLSSQDHKASTAWKTATEKVSSWAEEGAPITLDRIFKLNQLLLPEGDDDNDPIGGQLRKVGIQAAPSNTWTECRYPPPETLKDEMAKFSGWLEHSEQQAHARDALGHIEFAAQLHQRLVSLHPFDDANGRTARLAMDWALQRHGLPPAPPVGEASRLPASFLGGKRVSPEKVVLETLEGIATVMNQVHQ,1
MGLCISKHSGSSYSYSDSDRWEVPVNPSNVRSASSHQTVSASDRASDKVDERPATFSHFQLARCGEDYTLSMVSLAAYQAERRHRGNLIKDRSQSALPWVQVYHSETGLDYSFQIDRTTTVKVAGFNYNVPNDGETRHLYSAGTSQVNMPVITDNMSACIAVACAAENVDAGTGERRPGAKVRVFHLLPFRREDLMPEQVLASVRDYLRDIKEQGLTMRVALHGGNREGDFSVSTAEALKSLFADEGIPIEFDETCANRTSETLLGAVILNDNSTQFIKHLVAL,1
MRIHSSGHGISGPVSSAETVEKAVQSSAQAQNEASHSGPSEHPESRSCQARPNYPYSSVKTRLPPVASAGQSLSETPSSLPGYLLLRRLDRRPLDQDAIKGLIPADEAVGEARRALPFGRGNIDVDAQRSNLESGARTLAARRLRKDAETAGHEPMPENEDMNWHVLVAMSGQVFGAGNCGEHARIASFAYGASAQEKGRAGDENIHLAAQSGEDHVWAETDDSSAGSSPIVMDPWSNGPAVFAEDSRFAKDRRAVERTDSFTLSTAAKAGKITRETAEKALTQATSRLQQRLADQQAQVSPVEGGRYRQENSVLDDAFARRVSDMLNNADPRRALQVEIEASGVAMSLGAQGVKTVVRQAPKVVRQARGVASAKGMSPRAT,1
MIGTRVGGSGSTEIVQANQPQPSAAVAQAHPHAVSPSSNPPLTASQSAAQAPESSAAGAARLPVAPRHLPTLEKFRAEQPTVQGTSTPTISANAALLIGSLLQSEKLPFEVMAARLSPERYALQQFHGSDLQQMLGRFAEPGHLPGKAETEQLIKGFARSLADQLEHFQLMHDATAEAFGPGGLRDRNTLAVSQAALGEYAGRASKSIEAGLNHSLAVLDERIAALDSQLEGATEDSRPVLLMDRQALETARAMLSDLHVDFCKSPEAKRLSAVAAHTQMDALIDKLNVDRSSVGGWKGIGPIVAAAVPQFMVSMLHLGYIRTATSDAMKDAVPEKSADASMKRALAVGLTAGVAHEGVTNLLKPMVQAGFQKAGLNERLNMVPLKGIDTDSVIPDPFELKNDNGALVRKTPEEAAEDKAFVASERAVLNQKKVQVSSTHPLGEMIPYGAFGGGQAVRQMLNDFNLLNGQTLSARAVTSGIAGAISATTQTIAQLNSTYVDPRGRKIPVFTPDRANADLGKDLAKGLDLREPAVRTAFYSKAVSGVQSAALNGALPSVAVQPQGASGTLSAGNIMRNMALAATGSVSYLSTLYANQSVTAEAKALKEAGMGGATPMVARTETALSNIRHPDRASLPHTFQPDTLGGVPRAVENAYHMARGALQLPTQVVVDTVRVVEDGVASGVSSLRDAHKPAETSSPTADDAAAVELTAMEEGRRR,1
MHINRTGSSQPSIELERFYSASQSLASSSVRELSPAEHANLQAITDYLKDHVFAAHKLPLSESAVDQDAVHAHNEQLDKIIDARARRLLDEGETPATIADTFAKAEKFDRMATTASITLRATPFAAASVLQYMQPAINKGDWLPMPLKPLTPFVSGALSGIMDQVGTTVMNRATGNLHYLSTPPEKLHDAMAASVKRHSPGVMRQAVDLGIAIQAYSARNAVRTVLAPALASRPAVQGAVDISVSAAGGLAANAGFGNRMHSVQARDHLRGGAFVLGIKDQEPKADLSEETDWLVAYKAIKSASYSGAALNAGKRVAGLPLDVATDGLKAVRSLVSATGLAQNGLALAGGFAGVGKLQEMATKNITDPATKAAVSQLTNMAASTGVFAAWTTAAVATDPAVKKAESFLQDTVKSAASSSTSYVADQTVKLAKAGIDASGEAIAATGASLLDTLRRRNAREPDIEEGGIAAGSPSAVPFQPGRS,1
MGNVCFRPSRSHVSQEFSQSEFSAASPVRTSERPSDASLDAGLESSSACHRSGLRGPAKHSMLSLEEIGLVGAARWPDDAPGLNISNKSNTQENKRYCESLYQAARIAGGSIASGRVTSFDGLWRNATKWRLSRILSGDASKIDFATVRMPNTRFVTSLRRPYHSVIERVRNHSDANSEIYEGEYLGGIETKVYRQHGTISSTTIPMTIVSAVADDDDIHERLKSLPKNERRHLKDLMAASHPNMITHTDAVYLPMIKDHLESLYLQAIDPSLEQHEALELIARIHWWAASAAPDRRGSAAKAEFAARSIAFAHGIELPPFEHGAVPDIEAMLRSEEQFVEDYPNLFERPPQ,1
MHANPLSSFNRAQHGNLTNVEASQVKSAGTSSTTNIDSKNIEEHVADRLSDLGRPDGGWFFEKSLGTLKNLNLEQLAGIHDVLKLTDGVKNIVSFGAREGGFELAMQFRHDLYRSQHPDENSPHDAATHYLDAISLQSNKFTKLEKLQHVDVFKMQNPFWDVGYKNGIAHAKKMAFFITPEWLGSDFCKQEFQWLSETKNKDIKSAFVIFKDVDLKSKNMTSIFNFADFHKSRVMMASTPPESGLNNVKIENSVDLNFKRLLTDRESWELNNFLGD,1
MTRISTSSVNSSFSYSAPAEEAQNRVSSAPTNSSPPGTTTAVAQASEGQKKPGAVLSMHAQRLRQLCESSSHQYRQNALLAKSFDAQRLDINTQAGPSNSPHLNALNKLQQRDFKPAAGGLEIPFTPKSLLGGGKRVYQIGSSSRDVQVCPRGAGAALRQEIEDKQLMVNNLTDELQDAIDEANPAEIANTSQQLRHARADLADLQRRFAVLRNEDRRIN,1
MGCVSSTSRSTGYYSGYENHEEPRVASSPTNRHDRGYETDSEHSNVNLIPNARRVYKESVLWHGTSMQSKIDLRRQGFDVNRKTDGATEGSRTSNSAPTDTLIRNARRHNYLTAYDVTAKNYARRADPESPALVRTIGVKSNFNIELDPESKDENGEISQFSCRTTDSIPKKYIVGSKSSQPGADAKVFKKELSNAGFEVSTSRAGELLRAVQSDSEDDF,1
MNPIRNSPSFIPPAHSPATQAPSPGTALHSAVVSRDSKAVAQLRNEGARANKLDAQGHSPLDVLDTMRDIDERSRSSLRMALLQSLNPTAQLGYTKPEALHGTPWGLEILQSGALRGGVNDAKGGTQSLEGKVFFSDRTRESASAETTRADFRSKPRVYARGEGMHPSNAYSRAQQHRMAQVILHALDNGRSLSTNELAPSIEVSSPETLYIEGAAWLQRLLHGGYINKLGGLPFINAPLGEHLDSLRLPGSIELRVDGQVKKLQGEELNRFYHQAASELQRSLENGKAPYLGLLNKGAIVPLVFGFEKINNLSTHEIKLRSKTTQHSYQDTEHPLAGSPENGGKLKEVEVRSLGDFATLCLGCAGQGALNCLPT,1
MELKSLGTEHKAAVHTAAHNPVGHGVALQQGSSSSSPQNAAASLAAEGKNRGEMPRIHQPSTAADGISAAHQQKKSFSLRGFLGTKKSSKSAPQAQPGTTLSKGATLHDLLARDDGETQHEAAAPDAARLTHSGGVKRRNMDDMAGRPMVKGGSGEDKVPTQQKGRQLNNFGQMRQTMLSKMAHPASANAGDRLQHSPPHIPGSHHEIKEEPVGSTSKATTAHADRVEIAQEDDDSEFQQLHQQRLARERENPPQPPKLGVATPISARFQPKLTAVAESVLEGTDTTQPPLKPQSMLKGSGAGVTPLALTLDKGKLQLAPDNPPALNTLLKQTLGKDTQHYLAHHASSDGSQHLLLDNT,1
MMPSQITRSSHSSLPEVAPASGDAAGVSEQTPQQARTVAFFASGELAVAFGRTSTAPAQDSVRLLSALQRELDKQQPSWPTVAQLCHSLAEVAKTEQGWHQLASEDQAPAPALKDLLERCIGRLADMPASHASHDSLSLACEGLRTARLHQSVARLTARPPALARAIPDLLALTHLDPETLGAEPPVVSSYTLFSHFVHTAKQRTAELNDSLQRQPEAVVSLLRSHADTLNDLETLPGALQALTENCQDAPACNELRELAEVVGALLQLLREHGILPRLEAISIEPGEAPAPGHEAAEPRLTRSQALLKAGGNLVRKFDAYGALAPMDDKGLLALMRTPAPHLSPDQMHAFLNKHVLHLTQEQRDIVSNTPLPFAPEGDIEARCGMGFDEKLRLALANGSLVLSEEQLARLGHLPSAATTTSDVVKTLLEKPSSALSEAERDMLGAIVQANGQGQLDAWRAHNEQLPAVLSRSGLPSDVKDELLSLNQSMNAELGTLKNGASFKSRILASPAMLLALAPLPLAVAFVSKDNSYSSSLVAHFTKNAVFMAGLMMNELTNARTNVDHGLNRYFVTVLANAIVAQPTFARNEHLLEQVGFGIATAVASGAATLGVFNRESIVAAFKLAKSKLSRQDTGNASIPEEDHLAVVRHFDVSEHFAQQMKVATELYKQDKSITDIMNSSLTYLGTKSSEFQARFESVDALRAGLQLAEGERKADPDFYTKLGLVALTASIGAALVMLMKSMVGKADYAADGVWCVSEMLKLAMNPEVDMQKAVQVFKEIVGLNLVMTGFLGVNKVWNFLDKGIKGYASGAAVLTAANLTLPGMVGEVAGAAAGKGLSYLTDKGKAAHQAGRAAASWAGNYVGTSRLGSAVGTLQTAIPGRIAGGQVVAGLYDRFRYLTGSHPTPAQQAAGEP,1
MVINRKIIGSYTQRQIAALLTDEPPSEQPKCNVRVVEMTYTTVGVVGEPARASGVVLVPDGPQCPGPYPVLGWGSATETLRSAEQAKGIISANGDDPLVTRLASQGYVVVSTDYLGLGGSNYPYHPYLHANSEASALIDALRASRTVLQHLNTPLSNKLMLSGFSQGGHTAMATQREIEAHLSNEFSLVASAPISGPYALSQTFLDTWTGRNEVGENNFAIILGTYAIVGMQRTYRNIYSDPSQVFQDPWANQVEALFPGKKDTTDLFLGDDLPAIDQIKEYFQPGFYSDFPKNRKNPFFVDLVRNDLLNWAPRTPTLLCGSDNDTVVPFLKNTNLAIASFKKRGSRQVSVVDIGTGNRKDNSALTHLSSEELCIVKVRNEFLEKKR,1
MTGWAIPWRPLITQVMNRLYIQDSGQTYRNTTYQAYTKPTHQLGELVTAGIEKLLEITKIASPASRLKAAAAKELMYNTEQGNYSNLVYLEGHSRGTMTLSNALRVLAGFNVGDTKLEVLAYNPAAEGNRLNTTYQAYTKPTHQLGELVTAGIEKLLEITKIASPASRLKAAAAKELMYNTEQGNYSNLVYLEGHSRGTMTLSNALRVLAADHVLSDTLEIRAYNPAAEGNRLAEAAALVTKKPVKTWAPPKDFVANKIGGYAGNATFHDLREIFQTNYSVHSSGGTAALGSDSNHVDKEKLFSYEGLDIKDMNAKRQGRTIGLLQQWQKTRRPEDPVATQLTQLQRLLWQSGQWQQQLDNTPGLLTRPTPTTPDAPSARQQQLQQLRQSLTPY,1
MHINQSAQQPPGVAMESFRTASDASLASSSVRSVSTTSCRDLQAITDYLKHHVFAAHRFSVIGSPDERDAALAHNEQIDALVETRANRLYSEGETPATIAETFAKAEKFDRLATTASSAFENTPFAAASVLQYMQPAINKGDWLATPLKPLTPLISGALSGAMDQVGTKMMDRARGDLHYLSTSPDKLHDAMAVSVKRHSPALGRQVVDMGIAVQTFSALNVVRTVLAPALASRPSVQGAVDFGVSTAGGLVANAGFGDRMLSVQSRDQLRGGAFVLGMKDKEPKAALSEETDWLDAYKAIKSASYSGAALNAGKRMAGLPLDVATDGLKAVRSLVSATSLTKNGLALAGGYAGVSKLQKMATKNITDSATKAAVSQLSNLVGSVGVFAGWTTAGLATDPAVKKAESFIQDKVKSTASSTTSYVADQTVKLAKTVKDMSGEAISSTGASLRSTVNNLRHRSAPEADIEEGGISAFSRSETPFQLRRL,1
MKISGSTSPAHTSTNSAQKSSSKGLLSGLAKHFKGMLVSGNTSGHSALGHYASSSSGSKGKAPVRDDYSNGPQTRLNNTPLKRALARELDRFGYGSSATESFDRSLQRKDKNPELGKV,1
MIKTVSDNSIPGTYGIAFTRVDTAAQISRPVPSDIQRNSSIEKAVIEHIADHPAAKVVMSALVEALTGVFVKAQGEIKGWAEIVQAASRPHDSNRKGTGVLSPRFDVMGCVGWNAATIRATCRVGTLREKGTLFTNLMLSDNFKRILERSMTDPALQRKLEGLVDLDYLKTTDGNLYAMSGWAARASESREQIGKAAFESASNLGSAQISARELAFHRHNPVNHPSNQARVGFGISSPANNDLQVLRGHGSSVWKVKPGSDFARLASASGKPVIAGPSGTASRFMAVARFISPGCLRDLGLDSEQAFKELVRYACYGYFGQDDHHSMLEVNLGIAPHGLDEQWDDKLYTEPFSHVIMGRGFSVDNAAQQHIVARATDEPVEHSAADRVG,1
MNRVSGSSSATWQAVNDLVEQVSERTTLSTTGYQTAMGRLNKPEKSDADALMTMRRAQQYTDSAKRTYISETLMNLADLQQRKIYRTNSGNLRGAIEMTPTQLTDCVQKCREEGFSNCDIQALEIGLHLRHKLGISDFTIYSNRKLSHNYVVIHPSNAFPKGAIVDSWTGQGVVELDFKTRLKFKHREENYAVNANMHEWIERYGQAHVID,1
MGNICVGGSRMAHQVNSPDRVSNNSGDEDNVTSSQLLSVRHQLAESAGVPRDQHEFVSNQAPQSLRNRYNNLYSHTQRTLDMADMQHRYMTGASGINPGMLPHENVDDMRSAITDWSDMREALQYAMGIHADIPPSPERFVATMNPNGSIRMSTLSPSPYRNWQ,1
MQSPSIHRNTGSIIQPTVTPDARAATDLQERAEQPRQRSSHSLSSVGKRALKSVGKLFQKSKAPQQKAATPPTAKNVKTPPPASNVATPRNKARESGFSNSSPQNTHSAPKSILRNHPNQASSSGAQTHEIHPEAAPRKNLRVRFDLPQDRLERSPSYLDSDNPMTDEEAVANATRQFRSPDSHLQGSDGTRISMLATDPDQPSSSGSKIGDSDGPIPPREPMLWRSNGGRFELKDEKLVRNSEPQGSIQLDAKGKPDFSTFNTPGLAPLLDSILATPKQTYLAHQSKDGVHGHQLLQANGHLLHLAQDDSSLAVIRSSNEALLIEGKKPPAVKMEREDGNIHIDTASGRKTQELPGKAHIAHITNVLLSHDGERMRVHEDRLYQFDPISTRWKIPEGLEDTAFNSLSTGGNGSVYAKSDDAVVDLSSPFMPHVEVEDLQSFSVAPDNRAALLSGKTTQAILLTDMSPVIGGLTPKKTKGLELDGGKAQAAAVGLSGDKLFIADTQGRLYSADRSAFEGDDPKLKLMPEQANFQLEGVPLGGHNRVTGFINGDDGGVHALIKNRQGETHSHALDEQSSKLQSGWNLTNALVLNNNRGLTMPPPPTAADRLNLDRAGLVGLSEGRIQRWDATPECWKDAGIKDIDRLQRGADSNAYVLKGGKLHALKIAAEHPNMAFDRNTALAQTARSTKVEMGKEIEGLDDRVIKAFAMVSNKRFVALDDQNKLTAHSKDHKPVTLDIPGLEGDIKSLSLDEKHNLHALTSTGGLYCLPKEAWQSTKLGDQLRARWTPVALPGGQPVKALFTNDDNVLSAQIEDAEGKGLMQLKAGQWQRFEQRPVEENGLNDVHSRITGSNKTWRIPKTGLTLRMDVNTFGRSGVEKSKKASTSEFIRANIYKNTAETPRWMKNVGDHIQHRYQGRLGLKEVYETESMLFKQLELIHESGGRPPARGQDLKARITALEAKLGPQGATLVKELETLRDELENHSYTALMSIGQSYGKAKNLKQQDGILNQHGELAKPSVRMQFGKKLADLGTKLNFKSSGHDLVKELQDALTQVAPSAENPTKKLLGTLKHQGLKLSHQKADIPLGQRRDASEDHGLSKARLALDLVTLKSLGALLDQVEQLPPQSDIEPLQKKLATLRDVTYGENPVKVVTDMGFTDNKALESGYESVKTFLKSFKKADHAVSVNMRAATGSKDQAELAGKFKSMLKQLEHGDDEVGLQRSYGVNLTTPFIILADKATGLWPTAGATGNRNYILNAERCEGGVTLYLISEGAGNVSGGFGAGKDYWPGFFDANNPARSVDVGNNRTLTPNFRLGVDVTATVAASQRAGVVFNVPDEDIDAFVDDLFEGQLNPLQVLKKAVDHESYEARRFNFDLTAGGTADIRAGINLTEDRDPNADPNSDSFSAVVRGGFAANITVNLMTYTDYSLTQKNDKTELKEGGKNRPRFLNNVTAGGQLRAQIGGSHTAPTGTPASAPGPTPASQTAANNLGGALNFSVENRTVKRIKFRYNVAKPITTEGLSKLSKGLGEAFLDNTTKAKLAELADPLNARYTGKKPDEVIQAQLDGLEELFADIPPPKDNDKQYKALRDLKRAAVEHRASANKHSVMDNARFETSKTNLSGLSSESILTKIMSSVRDASAPGNATRVAEFMRQDPKLRAMLKEMEGSIGTLARVRLEPKDSLVDKIDEGSLNGTMTQSDLSSMLEDRNEMRIKRLVVFHTATQAENFTSPTPLVSYNSGANVSVTKTLGRINFVYGADQDKPIGYTFDGELSRPSASLKEAAGDLKKEGFELKS,1
MISSRIGGAGGVELSRVNQQHDTVPAQTAHPNAVTAGMNPPLTPDQSGSHATESSSAGAARLNVAARHTQLLQAFKAEHGTAPVSGAPMISSRAALLIGSLLQAEPLPFEVMAEKLSPERYQLKQFQGSDLQQRLEKFAQPGQIPDKAEVGQLIKGFAQSVADQLEHFQLMHDASPATVGQHAKADKATLAVSQTALGEYAGRASKAIGEGLSNSIASLDEHISALDLTLQDAEQGNKESLHADRQALVDAKTTLVGLHADFVKSPEAKRLASVAAHTQLDNVVSDLVTARNTVGGWKGAGPIVAAAVPQFLSSMTHLGYVRLSTSDKLRDTIPETSSDANMLKASIIGMVAGIAHETVNSVVKPMFQAALQKTGLNERLNMVPMKAVDTNTVIPDPFELKSEHGELVKKTPEEVAQDKAFVKSERALLNQKKVQGSSTHPVGELMAYSAFGGSQAVRQMLNDVHQINGQTLSARALASGFGGAVSASSQTLLQLKSNYVDPQGRKIPVFTPDRAESDLKKDLLKGMDLREPSVRTTFYSKALSGIQSSALTSALPPVTAQAEGASGTLSAGAILRNMALAATGSVSYLSTLYTNQSVTAEAKALKAAGMGGATPMLDRTETALNNIRHPNRESLPHTFQKSTLSGIPRVAENAYHMGRGALQLPTQMAVDTVRVVDEGVLNAVASAREALKQPTKDDDALRALEEGLLDPR,1
MSMNTSVSNNGPVWSPVSSGNHAPSPDFSGKSSSNAVHFLSPESAHRSPSAVSWGNSTPTAATTGNGRAGGAGQSGLVEALKTLIYALLKSVIGNASAHNRSESQPSASPGNGHGQASTCSAASPTSGSNPSQQPSDTPAFNSAGLGAHGGANTVPDRIASPDAARKMVEDVKNAGGGTLRIQMTHDQINDPAQMAKLKAMVDAGDKQGVKVQFTFRDNANGGGGNVLTGDKLKQAADDVKNVVSALGKHPSFVLDTFNEGGKSATQDWANMQSTLIKSARDAGYKGDIVVEDSNWGGGLTAGGESGLVKYAAQLKAANGSNNPGLIGSIHEYASGADASSRLGSEIKALSGAGFKPQIGEVGNANWTGGSNFEQRDGANQAVKDNMGALKAAGADVLPWMDQFQGGKIKHDVGFSKGDQFS,1
MVKVTSSGFTANPLSHHADSVSPANSPPQLPEPVHLVDLSESSRKGGMRNRPHASLNSQVLELQAVPSQRGKHVRVRSHADGESVINAWLAKRPSVQSETSLDNDGKLVRYTPVNHEPLAPRNEAFFTSVPGMLMAVLTVHPEMEHGISGDITADAVAARLAEPPIGLLTGIWQSSHDRAYLERGGVVHTANMEERWAPLTLPGINPREPLRMAGLQADGGVYLHNGSQLWRLTETAAESVTTENLPEGAAVRIGAGGEVHGLHEGALHSNGISRPIELWRPKAGAPGREQSPARPVDLLPLPGGTAALILDDKGRIYHADLKGTGAVEAHRLKLPADFAQGKGWAVTAMGLSRDDTVHLMLQDQNGRRMSLQRAPGEALFRPAYLLDRPLLLLYTEGLHVPSEAAVQSHVQLDGHAQLGHIDGVLHYKAAPDQSWERLKQSGGEPLTGLTALYSSPLGFIDRKPVFALVGDARQVVELKLEGRTSWLPSDAELPRHPAGGPLAVIPDTVALRTSPIAQFDEPVQALAVHGNRRVVALTDSGRLMAADADTPARRLPTLQRPIAIAVGLNDQLLVLHHPHSQRPQLKRLSAKDDWEPVPIILPGIVHPSSLRATRTGQIQVQLGENWHTLLPSMTSHDNQRLPARVKPEPEGDEAPSANFLAGSNALANQQQASRISTPHHDASVVTTLAGTTANNPLTMASSLQAVVDTTRAQVGALARDVVGAAANSTMRAMAHTLGVVLPPTPQEKRLASFHNEAKQAYTSGKILFEHLPSLAQVRVASAVGPSDGERFGLSHQQTQRLLTLREGKLEALLRDLRKIGFHEGVIMGDMGDSDSAHGLVSTTSTPTFRLAELWRRQHSRVDKALSSAGLSRSEDIFPDLNLSINALAGGAALNADRMSEREAELLSVLCEVSEKMMRAGVRLPADDGSVDSAHSQAPYGLRTAGLIAGLVDYDALLSSTDAQALEMAERLQQDARLAALCKLGLSSWGQLAAFDDVVTTFREQISLPGSARRTQLLKNLGLPPDAAPDEMAARMSDLLLDLFNRSTFFSTQSRGLELRGSLGSADWKHLNAFSVGVTGEALQVLGVERIGDGKDGDAGLVAFFVRHAKASVSATSGIGIDFKPGPGTGGRVIDSRPGRSMNSTWGGSTNLGISGAYQHGQGAAVIIAPSTISDFVRLLFDVNHPDTTQILRTGVNGGSIGLDLFETNVNASVGANVSVSPFSLSQKYGPQKPTADAAVSGPDNRRSTASGSLSVGGTAQAGAHWGQMELHLDHAWADIIGLEFQGRTDFNLEFNSGLNLGGALSSALGDNPQKLINASTGNGNLQLAGIRVASSDVQLPTDAVVDDKRRGPFLSTASYKRTFDTEVAKPVTAGEWSQMRQRLAKAFPDNIAELGALDYPTRPGERIATIKQVIDRIQGAKARSVEAVGAMDGKALHRQRFDAAREMSNAGNSVWRASSEIERASIVEMLHQLRQQEQSAVQNHARAIPGARVEFNLFGRESLETVVFHAIGHLGLGSKLNDLAELRRKVPGLDQVMLSFQSLPKVNQVRYVFEMRPQARFAINDALLAREQQASARALGLQGPSGSELNWRGVLDKIKTTPDLYRLAAIAVHNTDENPVTSRIGLPLLNVSATGATSHQLFEAEIQFRYGLYDGLQGVELLEAGNRALQSPLRALQQSGIQALGQRTQAGEVAYGPPSPRKESPLRTAVDAAALTTSDIARQLEVKVQRMNTAHEREANAISSFQQAYGIASAHLDRLLLRIPELPLPEIDDRDVDGGRVRGTFASLQRHHQALDDAISAMHQASEKVYTIPGKQATQEQDPALAQLLSVEKRRRSLGHALETLAGRGVEAGTATGLELNRVSSQVNDLVARRDALLRQRESGVQEGGLDSEELEMELQLTTSVLQRLRADLLGERQAMEATAKRLDQASRAALEGERSFSDAVRDRAWGELDNV,1
MHRPITAGHTTSRLILDQSKQISRTPSESSAQSALSQQASMSSPVLERSKSAPALLTAAQRTMLAQVGACNAHLTSDENMAINELRSHKPLLPKDTWFFTDPNKDPDDVVTYTLGKQLQAEGFVHITDVVATLGDAEVRSQRAEMAKGVFNKLELHDVHVSRGRDYAMNSLQSKEHAKFLLEGHALRAGPGEIHRDSLQDMSRRLARAPHGVGIVVIAGMSDINALITTCPDMVRERVDDITIMGGVEPLKDADGFVQPDARAYNNATDMDAARSLYRKAQELGIPLRIVTKEAAYKTAVSPSFYEGIAGSGHPVGHYLRDVQKSALKGLWEGIQAGLLPGLDDSWFFRTFMPNAQIEAAQLDKNKESSFEDIWPKVTKLNLYDPLTLLASVPGAAKLLFKPKAIHTEGFGVVEQVGPDDVTHPEKAKLLMSALAKSALVQSTVAPD,1
MNPLRSIQHNIATPPISGGQPLDAVGPQAQQSHPKRISPSQLSQSAHQALERLSANAEHQRLASLVRNALQDGTFQFQSSNHTQVTYKASICLPADTDTVRTDHLINNELTVQARLNDQSEYDIVSAHLHGSSKAISFDVPSPPPAHGSASSVLSERTHLGMSRVLSQDAVDSSSLETPLLSSPDHSRPPSQPKPVHIGSVRRDSGSLVSDNPVVQALLSFAQADQAFPPQAASIAGVQLEMRPRRDIEKALEEFKGAFTVVKAQLMSGANSSERVDEDVNADIHIPLLLKAIERGAAAFGPNASIGQNSAKAFLASCAPKITSNDDVLSEFINQKLKGDDDLQVRLGAQELLHVATKKEFQLGGLAGSIGVSSILGSAWELGASELLKNAIFGKNFSPSQYALQLAGIDSVPPLIIESMDTMCVLAIIKGMKGEEWSMSDLLPKALKAGAISSVVSFPNNVLQYAGFKSRVGDLAANSVTTEAAIFGAASGIPPEVKESEELMRAGLFQSMKDGVMAHSGEGVDTKKTIERMTRHALDIAPGESTAVKSMGLASIVGMIPLIASNKATGLLSEQVLRIFRSAVFNPIEAIALNALALGGRVNVPGLFDSDNAKHARVVQTILARASQHMEAGDRDISAEELHQMLAPRSEFLRHVGSAIVNGMNASFEAIPALVRKLGYGEAPLAERIPYQDLAVPDTSRQPAP,1
MNRISTSSVNSSFNYTAPTEEAQNRFASAPDNSPLVVTTTSIAQASEGLQRPGATLSMQAQRLRQLMGSPSEQCRRDTMLAKAFDAQRLNINTQAGSSNSPHLNALNTLQQRHFKPAAGGLEIPVTSNSLLGGGRQVYQIGSSSRELSHRPVNDQDRAPFRALERLHAELFRGGPIEFVPRGSNVLASNVRDVDMDEFDVINSKDGCQGIGTTGLGPCIAVCARGMDREGLPVLGVYHHSGIGSPEDTMATLDQAMRDKGALQIKYSLVGGMIMPKEEEAGSYDDEQSFLALKGSYSIEGARLHVSEGEEDVHTGEDNSVNVLLMPDRVLYGRDTLYC,1
MNRLHKTSLLAAILTASPCIMAANAHAMSCPVPQSVKYVNGIYIAPETFAGWEGNWVSQPHKKHSIKEFSTALYLSVDKSQKGGTLTNCSYSLSGDNGVIDLEYRKSGNENRLKTLIVSIEGQHNWIKERGAVGIQGYECTKSASECQFVPLRLNED,1
MKIHNAGLTPPLPGISNGNVGKAAQSSITQPQSQQGSYGLPPESSETRPDRARANYPYSSVQTRLPPVASAGKPLPDTPSSLPGYLLLRRLDHRPVDQEGTKSLIPADKAVAEARRALPFGRGNIDVDAQLSNLESGARTLAARCLRKDAEAAGHEPMPANEPMNWHVLVAMSGQVFGAGNCGEHARIASFAYGALAQENGRSEYENIYLAASTEEDHVWAETDESQSGTSTIVMDPRSNGSAIFAEDSRFAKNRNAVERTDTFNLSTAAEAGKITRETAEKALTQVTTRLQKRLADQQEQVSPIKSGRYRPEKSVLDDAFVRRVSDKLTSPDLRRALQVDIEAVGVAMSLGTKGVKDATRQARPLVELAVKVASPQGLARRDV,1
MVAAQNHIHPNLDVKVFDASASEPHALRQAIVNTGRGQRWRAVVNVERIHGKGAPSHGIAVDVSGGRGKVSVLAVDSVWGCADTLSVMTAALKGVKNATLTILNTGTQKDVINCKTFALANAKAMADNDDLMVDLHKKNFRGKIVGTGDTVNDVDVTIARGSDVLYVSFFQHTTSKDVFDDLPEHIREPLEESFDQNFREIEAGGKRRAYNTSIQQERLKYLRDALLFADAEYWS,1
MRTLYPEITPFDQGTLQVDDRHTLYFEQCGNPQGKPVVMLHGGPGGGCNTKMRRFHDPAKYRIVLFDQRGAGRSTPHADLTDNTTWDLVADIERLRAHLGIDRWQVFGGSWGSTLALTYAQTHPQQVTELVLRGIFLLRRWELEWFYQEGASRLFPDAWEHYIAAIPAEERHDLISAFHRRLTSTDEATRLAAAKAWSVWEGATSFLHVDEDFVTGHEDAHFALAFARIENHYFVNGGFFDAEDKLLRDAHRIAEIPGVIVQGRYDVVCPMQSAWELHKAWPKAELKISPAAGHSAFEPETVDALVRATDSFA,1
MGCTISTTNNAPHSPRQEDAPPLPPQTRQSFVGVVNGLLSDLPKRRRRGGSLSDPDISLAGYLLSKAVIGDPVEPQDIPRLHKANNTMQETRARFPYGRGNVATDIAVSDHASSQHAQAAHDVFVDLVRAAPPASMLTNPTLGHAVVSEFVQGGHCAGYAAVATMRHVQKLQPEESVHYVQHNHQGHDWAESRVPDGHHKTIVLDPWAQGPAVFASDSRFAANAQHTQERLALNAKDGDDIAAKTAAGAQYLLENCLPLTETHLKRLKAQEFHCAPEEVWQPQPVVSDAFRRRVRQSLATLTNSSELGLSRAEQSSKALKKMSIKSACALGFGKKAASAAAEGIAAAAYQLCEQSQ,1
MPPTVGASPLRRSPAIRPYRDVLSQWQRHYSADRNRWHSAWRQANSNNPEVERRTSRALKATTDLLEDATAPERVALELRSVPLPQFPDQAFRLSHLQHMTIDAAGLMELPDTMQQFAGLETLTLARNPLRALPASIASLSRLRELSIRACPELTELPEHLASTDASGEHQGLVNLQSLRLERTGITSLPASIANLQNLKSLKIRNSPLSALGPAIHQLPKLEELDLRGCTALRSYPPIFGGSAPLKRLILKDCSNLLTLPLDIHRLTQLEKLDLRGCVNLSRLPSLIARLPANCIILVPPHLQAQLDQHRQVALELNKVALERIEDTAQAMLSTVIDEERNPFLEGAPSYLPEKRPPGTPTTFGEIPVLQKMLEESRDPHFLQRVSDMAGPSPRIEDESEEGLRLHYTNVSNWKAQQSAHLGIVDHLGQFVYHEASQLDAASLAKAVQMWKTRELIVNAHPQDRTSFPDFTLHIPEQVSDDADDEQQTSPAPSRDQ,1
MDPIRSRTPSPARELLPGPQPDGVQPTADRGVSPPAGGPLDGLPARRTMSRTRLPSPPAPSPAFSAGSFSDLLRQFDPSLFNTSLFDSLPPFGAHHTEAATGEWDEVQSGLRAADAPPPTMRVAVTAARPPRAKPAPRRRAAQPSDASPAAQVDLRTLGYSQQQQEKIKPKVRSTVAQHHEALVGHGFTHAHIVALSQHPAALGTVAVKYQDMIAALPEATHEAIVGVGKQWSGARALEALLTVAGELRGPPLQLDTGQLLKIAKRGGVTAVEAVHAWRNALTGAPLNLTPEQVVAIASNIGGKQALETVQRLLPVLCQAHGLTPEQVVAIASNGGKQALETVQRLLPVLCQAHGLTPEQVVAIASNIGGKQALETVQRLLPVLCQAHGLTPEQVVAIASNIGGKQALETVQRLLPVLCQAHGLTPAQVVAIASNIGGKQALETVQRLLPVLCQAHGLTPEQVVAIASHDGGKQALETVQRLLPVLCQAHGLTPDQVVAIASHDGGKQALETVQRLLPVLCQAHGLTPEQVVAIASNGGGKQALETVQRLLPVLCQAHGLTPEQVVAIASHDGGKQALETVQRLLPVLCQAHGLTPEQVVAIASNGGGKQALETVQRLLPVLCQAHGLTPEQVVAIASNGGGKQALETVQRLLPVLCQAHGLTPEQVVAIASNGGGKQALETVQRLLPVLCQAHGLTLDQVVAIASNGGGKQALETVQRLLPVLCQAHGLTPEQVVAIASNSGGKQALETVQRLLPVLCQAHGLTPDQVVAIASHDGGKQALETVQRLLPVLCQAHGLTPEQVVAIASHDGGKQALETVQRLLPVLCQAHGLTPEQVVAIACNGGGKQALETVQRLLPVLCQAHGLTPEQVVAIASNGGGRPALESIVAQLSRPDPALAALTNDHLVALACLGGRPALDAVKKGLPHAPALIKRTNRRIPERTSHRVADHAQVVRVLGFFQCHSHPAQAFDDAMTQFGMSRHGLLQLFRRVGVTELEARSGTLPPASQRWDRILQASGMKRAKPSPTSTQTPDQASLHAFADSLERDLDAPSPTHEGDQRRASSRKRSRSDRAVTGPSAQQSFEVRVPEQRDALHLPLSWRVKRPRTSIGGGLPDPGTPTAADLAASSTVMREQDEDPFAGAADDFPAFNEEELAWLMELLPQ,1
MDPIRSRTPSPARELLPGPQPDGVQPTADRGVSPPAGGPLDGLPARRTMSRTRLPSPPAPSPAFSAGSFSDLLRQFDPSLFNTSLFDSLPPFGAHHTEAATGEWDEVQSGLRAADAPPPTMRVAVTAARPPRAKPAPRRRAAQPSDASPAAQVDLRTLGYSQQQQEKIKPKVRSTVAQHHEALVGHGFTHAHIVALSQHPAALGTVAVKYQDMIAALPEATHEAIVGVGKQWSGARALEALLTVAGELRGPPLQLDTGQLLKIAKRGGVTAVEAVHAWRNALTGAPLNLTPEQVVAIASNIGGKQALETVQALLPVLCQAHGLTPEQVVAIASHDGGKQALETVQRLLPVLCQAHGLTPEQVVAIASNIGGKQALETVQRLLPVLCQAHGLTPEQVVAIASHDGGKQALETVQRLLPVLCQAHGLTPEQVVAIASNIGGKQALETVQRLLPVLCQAHGLTPDQVVAIASHDGGKQALETVQRLLPVLCQAHGLTPDQVVAIASHDGGKQALETVQRLLPVLCQAHGLTPQQVVAIASNGGGKQALETVQRLLPVLCQAHGLTPEQVVAIASHDGGKQALETVQRLLPVLCQAHGLTPEQVVAIASNGGGKQALETVQRLLPVLCQAHGLTPEQVVAIASNGGGKQALETVQRLLPVLCQAHGLTPEQVVAIASNGGGKQALETVQRLLPVLCQAHGLTLDQVVAIASNGGGKQALETVQRLLPVLCQAHGLTPEQVVAIASNIGGKQALETVQRLLPVLCQAHGLTPEQVVAIASNIGGKQALETVQRLLPVLCQAHGLTPEQVVAIASNGGGRPALESIVAQLSRPDPALAALTNDHLVALACLGGRPALDAVKKGLPHAPALIKRTNRRIPERTSHRVADHAQVVRVLGFFQCHSHPAQAFDDAMTQFGMSRHGLLQLFRRVGVTELEARSGTLPPASQRWDRILQASGMKRAKPSPTSTQTPDQASLHAFADSLERDLDAPSPMHEGDQTRASSRKRSRSDRAVTGPSAQQSFEVRVPEQRDALHLPLSWRVKRPRTSIGGGLPDPGTPTAADLAASSTVMREQDEDPFAGAADDFPAFNEEELAWLMELLPQ,1
MDPIRSRTPSPARELLPGPQPDGVQPTADRGVSPPAGGPLDGLPARRTMSRTRLPSPPAPSPAFSAGSFSDLLRQFDPSLFNTSLFDSLPPFGAHHTEAATGEWDEVQSGLRAADAPPPTMRVAVTAARPPRAKPAPRRRAAQPSDASPAAQVDLRTLGYSQQQQEKIKPKVRSTVAQHHEALVGHGFTHAHIVALSQHPAALGTVAVKYQDMIAALPEATHEAIVGVGKQWSGARALEALLTVAGELRGPPLQLDTGQLLKIAKRGGVTAVEAVYAWRNALTGAPLNLTPEQVVAIASNIGGKQALETVQRLLPVLCQAHGLTPDQVVAIASNGGKQALETVQRLLPVLCQAHGLTPAQVVAIASNIGGKQALETVQRLLPVLCQAHGLTPAQVVAIASNGGKQALETVQRLLPVLCQAHGLTPAQVVAIASNIGGKQALETVQRLLPVLCQAHGLTPEQVVAIASHDGGKQALETVQRLLPVLCQAHGLTPEQVVAIASHDGGKQALETVQRLLPVLCQAHGLTPEQVVAIASNGGKQALETVQRLLPVLCQAHGLTPAQVVAIASNIGGKQALETVQRLLPVLCQAHGLTPEQVVAIASHDGGKQALETVQRLLPVLCQAHGLTPEQVVAIASNIGGKQALETVQRLLPVLCQAHGLTPEQVVAIASHDGGKQALETVQRLLPVLCQAHGLTPEQVVAIASNGGKQALETVQRLLPVLCQAHGLTPAQVVAIASNIGGKQALETVQRLLPVLCQAHGLTPEQVVAIASHDGGKQALETVQRLLPVLCQAHGLTPEQVVAIASHDGGKQALETVQRLLPVLCQAHGLTPEQVVAIASNGGGRPALESIVAQLSRPDPALAALTNDHLVALACLGGRPALDAVKKGLPHAPALIKRTNRRIPERTSHRVADHAQVVRVLGFFQCHSHPAQAFDDAMTQFGMSRHGLLQLFRRVGVTELEARSGTLPPASQRWDRILQASGMKRAKPSPTSTQTPDQASLHAFADSLERDLDAPSPTHEGDQRRASSRKRSRSDRAVTGPSAQQSFEVRVPEQRDALHLPLSWRVKRPRTSIGGGLPDPGTPTAADLAASSTVMREQDEDPFAGAADDFPAFNEEELAWLMELLPQ,1
MINLSNLSAVATSVARAALGESNTSKINHAFDVASHIAGQTALRVGNSLLEQINRLNERQQQGLSEILKALRGEKPVDGVHTHSGGGLFKLARAAFDVVSVVWERDKLKPHVMSFLKALDSQGKTLFSLGKEMAKAFAESVQGPDKNNGKTESSPYASFASKVGMSKVVQRLFNELGRPGAERVRRPTSGPAPRPGGAEQQARPETPPRTRPQANGAPPPPPKAEPRPSSGRPGGAQQQARPETPPRSRPQTNSAPPPPRAEPRPASGRPGGAQQQARPETPPRSRPQTNSAPPPPKAEPRPSSGRPGGAQQQARPETPPRSRPQTNNAPPPRSNNTAGASASAKVGESGPAKPAVKPLYEWLGLSDMTASPAAVKKAYYNASMKHHPDKNPGDAGATARFQDISNAFSILSDPEKRKAYDSGRMNEKGQYV,1
MGNICIGGPRMSQQVYSPERADTPQRNALREQTEADIEQNSESMRLQQKIDDLKPYVSNATGPMKAYGQAAMDRASGKKTYVSFAELDAEHLDAMVDVENQRNPDLNLRYFKHHKEFIQALESDGPSSFRAIYPLTKPRTGQAAKHHVMADVRLTPCEPPSIVITEPGVIVGKRNKQLHRHNQTLEDLSESGVQLSQVAIIETQAQKTPDDCVMYCLNYAIKAHKNADKFDDIHHGLQRGTFVNRINGRRVQDADHCGHF,1
MPPSIRGLGTSALLQHSPGDAAAGETSPSSNTVRARTASAAFDRLQRRPSLERTASQTPDTADIAHAAAAAIPYVRSLLPLKSDNKDYGEDDARIPPSKLARYHEDARDNRTILLNKIQCEIYALEATWRQSRQAPDFGALARIITSKGASAAGNCYEQAVLAYDFLRMRLTDANLPIDIVSLERPGDHNFVAIGQSTDGNGQYPKQFSDWHPDAFIVDPWTRIACRAADYPRQWSEKMEKWAARGLRVDDASPLDSSLLDALRDNNKISRRKAFPV,1
MGNQFSINRNRPANAGEAHASSTEAKPAPDAASPSRQVRVATAPSILEGLRKLRLPFNFGARVPPLPEETWAEIARRVDTKTLHRMRAVSKTLKAAADTEIRQLTVNTVEALQAAKRYACLETLKMDGYFGDADLEGLPASLRELDLFSTRYVSAKGLAHLSKLPLVRLKVRANGIHAEAARALAASTTLTALDIRGNGIGDAGAQALAANTSITSLDASFNDIGVAGARALAANTTLTSLDLGFNAIGDEGLQALATNTSLTSLTVGSCEIGDAGAAALANNTALTSVDLTCNHIGEEGAEGLAANTVLTSLDLTRNSISDRGAAALAGNTTLTSLCVNFNDIYGRGARWLAENTTLTTLDISYNPIGDWGALGLADNMTLRSLSVVAGRIGVEGARALAGNTTLTTLDISVNAIGNEGAQALAANATLTTLSLRSCELRAAAAEAFKANTTLASLDIGENRIEAAGAQALADNTALTTLRVTGNQIGMAGAQALAANRSLTKLNISQNDIRSAGAQALAANTSLTSLDVSSASIGAAGAQALAANTSITWLNINDNHIGDAGAQALAAHPALTSLYACDNFIGTAGVQALAANTRLTSLSIWGNRIGDAGVKALAANTTLTKLTIGKRVDKQLGEQIGDLAWQELMASVDRSGMTFHSL,1
MTIRGSLRFPQYPVDPSAIADATGRTGFQVQMQAITHAGADDMLFAAELQNEDNRTNVLAKLMETGPKAAKDLLS,1
MLIQTQYPGFYIATASDNQREADRYAGKVNEALGKIASGRSGDELLRGISSLSATRQRKLTISEIDSDDDPGTEAVLTRPQIAAYEPSDFRANKRIAKQFARGEVSSEPAGCSAIVNWNPKTSIKLSRNGSPKRLHKDPKESFAVLAHELIHARHVMAGTSKAWSGDRYNETSEAGQEELRAVGLGAYAHAYTGEPTENSIRAEQGLQARSKYKPRNA,1
MGNLQIKASSAPYALLSDVSPDSPGSQPPTPKLTRVASPPQALADLPTKGTGKRPQVSAQPSSPKATTGPSRTVSAELPLSSPAPLQLTSLLPPSESGETPEKLGAVPISGNLQIKNGQLTSNNETIRSLIHYLGAAADKFANQANLNGMQVTIRPNPYATAGHEALKEYCSVETALVHADKPPRRKPSKDPLRQPLRQTPPPSQLKSEDIEGNVLMPLLTSVIESGPAAFGTNDRIMLSGQEVPVHALLAALAPRVEVNDPDLQLAFNSKLSANTQANAKLGAATLLQMETHKTFALKELGMSLAVSSGLGTAWELVAAEGIKGGLKHMGLTAKEYILAAAGIDSSSAIGIETSDSAIVLSAVQSMNRATASFLRRVWDALPAAAVAGLKSAVGSYPNNLLQYMSTGSYAADLALNSVTTEVAILAAASGVPGEVKKNEANLQAAIVEKLRDGLLAVPPREPHMSPEQYTEIVEKHVQALTRRALDMSPGDGIAQKSLAFATMVGLIPLILGNKVTNLVAESALRIVRSTIFNPIESIGMNALVLTSKIDIPGLMSSDATKHAQTVGRILQEAALGKPLQDGEVHKIFHQWDGLTLGGRAILNGMSATMDAPPEKVMSMLKKDSSPPLSQRIAYESIDYDRV,1
MKFNRTHRNLPPAHVGHTTRGHAPAPAGPQRSRAPRARPQDLPGSSRGAARTARIPSSAPGEALSRSLNYCEYNLAGERRTRLENERSQQQNELGHKSGIDFPARCIDMARNNVLAESNGHGWALVFLFPGGDSDTNLTLLGDYLAKLGDCEHGRVEPALSGRIRACAELCAHYLLHTSWFEGAPAASYAYPASKFSKFPDSRPCMEALDWIARQALQARNLQPMGDRKASQFVSGLAKNTRSDACRDAVQRIVHWLLENSAVRARLDAIQVPTLLNALSKWATHDGATSLALQVADLLASKPRLREALDRQGIGNCLNALSKWSTEPWAENVVMQLAGRLTAEPDLRLSLRGQELVNSLNALSKWAHCEPAKQAILQLADRLATEPQLRRQLNASLLSSGLNALSKLSGERQAKEAALQLAHSIAIEPRLLQKIDAQAVANALNALSKWPADERAIRAARLLADCLVSNPGLRRALKPQEFTSTLNALSKWQHEDTIKQAALLLAERITTEPALRAAMRERDIANAMNALCKWPGADVSKQAVLLLAKRLEAEPQLRNAMNDQHVSNTLGALSKWPDEEQASRTALLLVKRLVDEPRLRQSLEAQGVANILNALSKWPQHDLAKQGALLLADRVASEPSLLTAMDTQETINTLSALSKWPGEPRATLAAQRLTAASTGRWATLDARNLSNALIALSRWPDESWARQAAMPLAERIATEPLAWNSADPQSVSNALSALSKWPDENQTRLATRELAGRILADEKLRMAFDAQALAHSLNALAKWPNEPEAMRALWQLSTLPGRASHPWRTFNLVDMAQISNAFARLLQDDGEDLERARGILQHLAVHLELHPECFERSSVGHIGVLFKSFANLRILPSLRPLSRPVLNRVMTLCRETQLRDEPLETIGNLCLGLLPLARSPELVRHRASALRAFDALQPIVARKIDSYLRQGERATTGAALLVTDGQEACGTRGPALTFYQILKAYTLVARQWKRRYIQDARQTVHDRQAALQQWVNDTLARTRSVIEADLQEKSWNLIAQIEAGDDVLNALDLRIGKDLEHITQRHPPTRFDLAGAHTRMGTAPGRVRPVTAGVGDTRHVTVDLQGRELKVDDGIHPPYSLYARLTGQPLVEVRLPGKLSTFMLARTFQYQGEPWRFDLFGGSRLTRGRSNRVVSILAGDRPLPSVLPAIRYADSAPGSAFMALTHKLAPQREDWSRMQRALLEMVPHDHVVEGTMRIGWFKDVSGPQHPFKLTGPGGQRIALCPNDGCGFLKWEVAMQIPAVREQIEAWHAVRRGRATDAQQQRIADQAPGFNTMPPQALMHFPRDEAVLVEAHEALQHRLDKLRAEVQGRGAPASKLEAEAGALSPDAVDLLTLYQMATSGGYQGRRIRAVPSADDKLYLPTIPMNGFARPAGDLLVGKPPYDKENLLPIGPERVGTAVHGDATGRFLDQCFAIQYSYTGFDDGSGLAADMLHSKGMLIIPPLGYWSAAHGHMDLACSTEDLKVLSRWKQGRDRDSVPARMLSTGSLRVKDILLPGRLGALPIPELRKRNMDTDGDDAFVYAGYPKLAAHIRRVMDDRSDRRGTEHSFKPPKTANPAFDSQGQYQAGRAREILAEQRGGQLVGVASNAATRFLSQPDELREAMATSMMFGTYDGIERRLRNGLRALLEGREPAPALQELQALAHQAIARAHLPEAHAVAVLLHTLTTQLGAAEAQPVPQLAADVTQRFSPLAEAWSAAADTPARIHAILDHYPVCRLSHEQFPKGQPGYVKGQPELTMRNLFTLAVKVGTDALKSDTGTELFTTLIQKCEAVERSFPGRVRYVPHTKQTAREFRNERFDPERAVATLERIPTLAAGVMQDAVSSLQQAGLLVARPAPAERLRTVSPEAMDRAAIVLNERAHTASAQITPLLQTNLRAWIGADLGADAARLAGLEHAVKSAGSLKDKLGYMIAAKQLPDLQDALSRVNDALRYSIVLPPDTFVAASRRILAGLEKHGHAMTARTNHFSQPGTAFGALSVTLQAPSGDFLWEIQFHTEQTFELKARHHNLYKQAQQERHQGASSDAIRALLRPAWQDFRAVPVPAGCEEIDDWQQESVDTAPPSHPVREVQSAQPIAAYLRPLVRELGTQAHRMEARVSPKLQPLVQKHGGKLREDKPGNWRQFIFKKERSIARKIALRQRANEHLTPEHAAARVRDTLRYEVILPAEGFGKAVDTILKTLGRHGLKAMRLKNAFMRPDTTYAGLNVNLRLADASAPGDFEIQFHTAHSLSTKLKMHRDYEKVRELPPADARIDGDEAGLDFNAERERRLKKMRDAAALVERPQGIETLIPFDLYQDA,1
MPISACKPHRSATTIISGDIQISSSQEAPSKKSAKEPRLETNPLLSKLRPRSSSVTAGAQSETSSSLRIKAAPFLTVPKSLDAYAIDSSVPYQFQPSKIAIIGGGLTGVISALKLRSLGHEVSLFESNEDICLEASKIPAHCYGAPGYCHLPKDEQIEIFRSGLAFAKLFPQAISLRPTIFALRKNDRVRVTNDQNGRFRTIDDLKNSVNLAENEYKKAVESDPKSEVFGPVGKYQSGYTHEQIQALRNQPLTGAPGNNDEWVANWAHEMSEEALSELQYPVFLVKEPEINMLRFRELARSALGELGVDTHIGETVNDLTSQAGKPGIMVNQAHFDYAVNCSGAESGTHDDKREAISERTVIVKGAGVASLPSVPFR,1
MPTSYVNLDQLTTEQDTSPIDAMPQMYIMGAPMVHVSPFESGSAVINVTTPECTYVENGEARSKETRSQVELSEHMRSVMTSAGKGPHLYRTNNMISELGKLMPRMFGGAPEAFLGGHVCTVGSSDQRGTSITSVTDNALTIIAPKATSAVTLDLAGKISTASRFNVHLPLKQEGDLQIRMDRDVLADKAAAKARKMGLPVGMSRVLDRQPGQVKQSGRFASEFILPRGAEKMATGDVFDAAFRDRSGRMHVVIDGIAYGQDRRLGSGFGGEAFIYRDPATSHEIVVKEYFRLRSQASPGDMDVNPPKDAGKRAELEKIQMQDFMIEKSAFDALATHPAAKNIAHALRAGTVDGRFTIVMPYFRGGSVRDLCKNLDKAVEDGIISVGQRRDSALYIMQGILNGMKYLSSTLIHRDLKPDNVLLHIEKERDGTRVLIPKIADFGTSVLGTSSDLPVVTTPQYKSPEYLRAEQQGRGQHTAAQDVWSAGISLHELLTGHRPFDGDLPKDEHKIYDAIKNYAAGNTEILPADQSKAADLIRIMMNPSSDRATPAELLDHEAFHGINEKECQKTLSLIHQS,1
MLGGNITERSIRAPADPVASPAGPDTERAGSPQAHRPPATRPAALEGLARPPVCASAGTSMAAVALRQAELPLRALPAAMLQTPEGVVLTKALKYGALLQTLVSDASVSTDKRREHAKRGVEQAKAGIEALSDLSRKGGLPSVAAVLGDLLHHLAQAAMVGIKAYHRMLNEEWDARTERFGIRSEHATAMSAYEGLRSALTEKPFQGAMDELASYRAALDHFVEACKPSRPNDSMPARLERNLPAVLSGRVRCRSARQSLDALHLALCGFSLRRIAVVMGLPDLSQRVSALAGAMKYRRDEVETAIRRLDAVAMWYPGAEGAPPERLTVRQLAECKALVRAYRDGIDRVGTQLCMDAAARIEAADTSPLWKTLLEVVEVIARYKGWLDELCDSVRGGDPEPAAAPGTSGQAPVSAPEIASSMPDPADALAVSDTVDPADATDATDATEATEATEATEATEATVRTEDRGSPAPVRPLAAAPRPPDTRTAVQKQADGLLKRCPVDSETAARFGGDAVAIADVFGKDTRDIERLMGDRKTSAAVVATSMRQEVDGWFERRERLEQARSGLCAEDPRTGHLTDRLRALDIIDRYVTTWEADAAKCALFPKAKHLERLLEMGEIEHVDAPVPLRSGKDKRNRDRVFEIRIQPRRLSSPDGIEDGDRALPLFVHLHLSRPVDAGKLHTLSYGDFNAVHLKLAAQKGQGRNWEKMMHAMGYRDAKVERAMVGDALLRRLFALAGRDDASASAVAGAPGAH,1
MGCFNVTGTSGTASNYVAREHSVEASPTHTPQQTGRRRAPGTPPSRASNTDAAEMRALRNQAQALQQRAIQELPNPRTDAASTLLDSLLTLVTSINRMDPSTAQNRLAQLEGRVNSFYTTNPVGHDQLDQSDRFSDTASHASDIYHPSDSFRFMSYRPGR,1
MKFFSFRSSVHTASTAAPAARDAASSASAAPQQPASASAGSGRISHALHGLKRCLRPSAINVTAVPGFTKTTIDPLPIPKRPPPPNLPKAPKPAGQHKLDRIDRQVHNLTQKLYPPLPSGLHADPEAKRAIASSRAFVSAVEALFVPSGAGVYAVPGLQTLIDGLAGMAEAQPDAVDTTRYAGMLQCARALATATGGRADEACRALEHLRDRFSLTDGSNGAPPTPAQMHAWSTAKLLAHTASGFDALLALRPTLAEVDATLPDDDNMNGRMKREGLRTFLQAADLMAARLPAGVVPPQTPHAQLQDARARLDAAADRASLAGDGLALNALVCAAQVHAEPHEAAHAVDDRAQVAAYVAWRSGYREGGKGSALERSLGRMHKFTTWARRAEHRATHPLAAFDPRRLLGMRKSPLTAAAYGTGGANLGLLNQEAQALHDTVKHGIEAMQAHSTALRALNGRHALSTEQRGLLVLREAVLQHWAQSIGTTWRSSKLKLSDHDKRAIADRVRKAAPGARVDAEAVLAYREFRKLDKLDLKTLVRWLDEARAFDPRASESPTLRAAADNIVKAGDIERGRPIKPRGTTLADFREALTGAIGQMPLGNYVRYFDGATYGVNTNMTVNQHEFSHNSLVPSMGLGPGARELTGRHAFVEIGSSSYGGEVFIGTDKRSSTGVGAGLYAGFKVGIKNWHLSAGFSAGVAHAHDRSAPVGVIVRTGLTYGADGKATSAWRDNVADVTRFLFQTAAEGQAARPVPPDRMWEQFSARFFRTPDISVNWRDQRRSSHTVTKHGSGAVRVAAGAVRVGPAFSVGHDQVLASKNDRVDTNGWLRGVERARARASNVHVSGSLAAVAQGVGHFSNRSGFPESVTLPSVPIVGASANILPSGTSVTLRRVDEHGRLNPRFIRRLVEFIDPSAFLSHMQARLPQIAHSDASRAKVGAFMSAMRDMGTQGNLAYGESWKIRPEVTEVLNAYTDEIQLMLKCAKAAPGAGGQAIQPAQAAQTYHDLIERIFETVERETAMPPDEQAQAFRQALAGLRDQEVDQILRLANETIRVLKDVQSWKLSGYYAYDITTHGYTAGPAMLLQATASTSVAGERVLAELAVRDLELMDDPAHAAQDKDPAAGEVL,1
MPPVLPSILRCFRPAVSRPEAETAAPSSSQEHNRPGSPERSPRRAPAALQGLTPRAGSSRRQAAPEAPAGPARFLTDGERQFGGYLMARDVDQRPVHGEPLDTLRSANETLLQTRRILTHGRGNVEDDIDATHGLSTHIAQGGRSIQESMWRAHPKPVVWAAIAMVAGAGNCGEHADLATFLHAAKLKEGEAVDNVHIDDFDHFWAIVHRAEPDLERDVYIDAWGKGPAIFAVDGMMTYRPGERRTKFGYDKASGEEAHADMEMLATVLATRMRGGISNTMRRLGPDYRYPPERVWAVTPIVAQRFTDRVKAEMSKPADLGKLMVPPDCATPSSVEPPVTNERLMQPLRHEIHATRIARTLGAHSVDTMAHAARRIVAVASDLQGYPIEAHPLQAKKDAEDIAAAERRRARRAALGKGEPPATES,1
MKVGNQSNNVGHDFSVKGVAGSSRRDGAGLDIGGDTGGLVDAVQRPRQRPTMLDVLPRLKFATRIKQQRKMMPSSHRLGRPSDLTEGGSSSGTEAGNGRFKSRLANELASSGKPLKFNKWEPADRFQLSSESDSIVKRGARVQAADRNIPSSNRFSMDLTSAQSTARALAKRPLQRLTLESRLDIHAHGNDSYVEDLTAAELAAKLHDAGLEEVGVLKIQACDVGKGHYLQALLEHLASRGVKVGYLCGPKGALTDTRTVENLGGGEQYVKKDVSFLPGKYVGWLPETFGLNVIKGNVDVAFGGTRYNLSR,1
MSRTLATPRTPQGNDSLFASYEAIASLSTEMVEAAEAGDWAGVSALERECALYMERLGRTPSRPVLSEAELRRKRDLMMRILANDARVRALVCPRQDQLLRPMDAARRSIGARQAYAAVSYY,1
MRPTAPRIGPPSATVSGEPAADAVPQHAEPGRTGRPPRARGLPLEQRRTGPAARNPRGAVTQGDAGASDALHGQALSAEAPRRSNVAGPPADRAESVPSRVRGGTQPQASKELRARRQLPAEVVRQLSETVHMQVLLANGFAWDSSLADDLDDVRLDSARQLSAIAHRDVMPPESANLVFAKLVKGRALILNSAQDQGGCRSPALAGLLFLGEHHNRWKAHNGMPSHTLPALIYGPGQDSDGFAAAISGSGGFGTSHLHVRGKAVNNASVIAHESVHEAQYNKRLGLFNALMLRAPTTHVDTAAHARAGFLEAARTLPVLPPTDVSAETAKICYVSDPTEAQAYLEEAQLRSLLPSDQGMGAYVPRQDARLHELADLLAEVADALNVAGPQEQAARGILAEFDPARYPEAGEALERILLSAASLHEMAESTAWDAGAADAWKGTLEILRQRCDAIRTEPPLGSGLLGLADALERFLVDTAKQRSAQALALIADTLEVFLERVAQTHGHAVHALKARPVTPEAFDAAKQDPIGVLGQLLERCGFAHAQGLPAAISAARSASGFSSAVADLKTRLGKEEPVAADDLREVVVLLASRLLGLAPSQLPAALVPAVNLYASPVVVLPNVAGLNGVSHQKRKAAFDVATWQLHIPRNVFDAPERLESRLAGLAADVAYAAVSLREDKQFETNHPLFALWYGPLSKRFTNALAAEEVAASSRDFLARHPDSAAAALHAIVQAVRVDDGIEARAWHLGPRAEVKRASHAGTELPDRAWPGEDEARPDADAARHAYQSRTFERWQVYSVAFRRAIAHL,1
MRIGKSSGWLNESVSLEYEHVSPPTRPRDTRRRPRAAGDGGLAHLHRRLAVGYAEDTPRTEARSPAPRRPLPVAPASAPPAPSLVPEPPMPVSLPAVSSPRFSAGSSAAITDPFPSLPPTPVLYAMARELEALSDATWQPAVPLPAEPPTDARRGNTVFDEASASSPVIASACPQAFASPPRAPRSARARRARTGGDAWPAPTFLSRPSSSRIGRDVFGKLVALGYSREQIRKLKQESLSEIAKYHTTLTGQGFTHADICRISRRRQSLRVVARNYPELAAALPELTRAHIVDIARQRSGDLALQALLPVATALTAAPLRLSASQIATVAQYGERPAIQALYRLRRKLTRAPLHLTPQQVVAIASNTGGKRALEAVCVQLPVLRAAPYRLSTEQVVAIASNKGGKQALEAVKAHLLDLLGAPYVLDTEQVVAIASHNGGKQALEAVKADLLDLRGAPYALSTEQVVAIASHNGGKQALEAVKADLLELRGAPYALSTEQVVAIASHNGGKQALEAVKAHLLDLRGVPYALSTEQVVAIASHNGGKQALEAVKAQLLDLRGAPYALSTAQVVAIASNGGGKQALEGIGEQLLKLRTAPYGLSTEQVVAIASHDGGKQALEAVGAQLVALRAAPYALSTEQVVAIASNKGGKQALEAVKAQLLELRGAPYALSTAQVVAIASHDGGNQALEAVGTQLVALRAAPYALSTEQVVAIASHDGGKQALEAVGAQLVALRAAPYALNTEQVVAIASSHGGKQALEAVRALFPDLRAAPYALSTAQLVAIASNPGGKQALEAVRALFRELRAAPYALSTEQVVAIASNHGGKQALEAVRALFRGLRAAPYGLSTAQVVAIASSNGGKQALEAVWALLPVLRATPYDLNTAQIVAIASHDGGKPALEAVWAKLPVLRGAPYALSTAQVVAIACISGQQALEAIEAHMPTLRQASHSLSPERVAAIACIGGRSAVEAVRQGLPVKAIRRIRREKAPVAGPPPASLGPTPQELVAVLHFFRAHQQPRQAFVDALAAFQATRPALLRLLSSVGVTEIEALGGTIPDATERWQRLLGRLGFRPATGAAAPSPDSLQGFAQSLERTLGSPGMAGQSACSPHRKRPAETAIAPRSIRRSPNNAGQPSEPWPDQLAWLQRRKRTARSHIRADSAASVPANLHLGTRAQFTPDRLRAEPGPIMQAHTSPASVSFGSHVAFEPGLPDPGTPTSADLASFEAEPFGVGPLDFHLDWLLQILET,1
MKPVAPVGQSSSAADGVRAPSADAQPGPPAPGPARPARSAAGSSLLQGLAQLLSLCQPRPARPLPQLPPDIFREIARRSDPLTVQRLRVASKPVKAAIEADMRELVIKDRAGLAGVLRAGNYPALEKLTLAGTFTDDDLRGLPASLKALDLSRCRGSITAAGIAHLSRLPLVRLNVRNKRIGAEGARLLANHPTLTSLNVSNGRIGPEGAQALAANTRLTTLNVSGNRIGVAGAKALAANQTLRSLDVSDNRIGDEGARELAACTQLTTLDANRNGIGVDGATALAASRTLTSLAIGGNEIGDAGVLALAANARLTTLNVESTGVGADGVKALAASKTLTWLRLDGNDIGNAGATALAASTSLTTLHLEHSRIGAEGAQALAANTKLTTLDLGYNDIGDAGVRALSANATLVWLSVRRNNLEDASAVSLAAGKTLTTLDISGNGIQDQGAKALAANPTLTTLDVSSNDIKNAGARALAANARLVSLDLRNNRMEESGTRALLANRTLSSLGVSLNCCGQHLIAELMAWANHNGVTMRH,1
MGYHFWAGWRPTSVADSAQASTSAPQAGAPASQPARPARAPAGSSILRGLARLRARWVAPPVPFFPPEIWTEIARGTKPADMQSLRAVSRAVKMGAEASIPQLTITHRDSGKRPPSVAGCLELNRLTLVGHFTDAYLQRLPASLTALDLSRCEGPITSAGIARLLALPLERLDVSGCGLDAESARLLASHPTLTVLNISRNAIGDDGAAALAANPKLTSLNVGRNGISDAGARALVACAGLTKLDISDNRIGDAGARALAGSAKLNKLDAGDCGIGPEGARALAASQTLTRLDLRYNEIGVGGAEALAANPRLTSLNVCGNALGSAGAALLAASAALTELDIGNNGIGNAGARALGANATLVKLSVANNGIEEAGARALAASTTLTALDIGSNRIGDAGAQALAANDTLVTLDASANWIGDPGALALADNTRLATLNVGANRIGEAGMRALEASTTLAVLKT,1
MKSSDRIIKSSARSREWPATFEDADDLQPSITNAARQSQRETPRHPLASPTFLEKFTQQTSALLLYAAIRCLIGVALTFYSFHRNRCQTILHRSIDSAPKKKKAAQKKSNRRIKTNLRRNKIHIQPIRFDLCEKRIRKKFQIRRAVR,1
MMFKRIDSSVFSPYVRPEPSAPPLPEQGAPSGRAANSASHPYIRPEPSAPLLPEGGFPHVPDQAGEQRAYSPSRSSAGVSSSPLGGLAAMRLDSGSAGTAPMLRSRLPPAPSAPSGVPQVRNIEEMPAGVLQHVASFLDPRSRRALSQVSTTMNDAARSSQTHMQAWNKAMLGQLHRYPNLQSLRLRGDITLDELKALPKTLRHIDLGECDPGCGAKSHAAIEYLATLPLESLNVKGAAIGDRGAALLAGNRSLKTLNVADGGISEVGARKLADHASLESLDMTGNQIDARGAQHLATSESIQTLRLCCCGVTDPGIQALAGNRQLKSLDVSGNHINEDALRALAANPSLTTLDVSCNRQTPVGEPQSVEQGVSMALALAEGLVGRETPLASLKADGNAFVDFAVEMLAFPTIRTASLSLKSNFIGPEGAQKLAENPALKSLDLTRNKIGDAGAEALSHSRSLKTLSVLNCDVKDPGAQALARNPTLTTLDLGNLISEKQNPAARQQEQDEFDTTANEITENGTRALAQSPSLISLSVQGNLCEDAGVLPLARSPRLTSLNVAYTNMTLESARELASNPVLTSLNVRWNYEHLGTAGVLELAKSQSLTFLDARDTCMGEAGALALEANTRIKGTPDDPNFIRDSYRG,1
MKVSSANAGVPASSADNTSARPSQTNADTTPLGRRRRAPDDAPGSPPARRQRQDSPEDSAQTMFRRAGMTSLPPSPATSEHVPLLDNRPTLERMGVDHPLPGRTWYETGHTTASLADRTSTASAAQVASSSRSAGPATAARPQPTRTSAGQQATVGRLRTQVTGFLSGALGKLQALSAQNMDPELAQFRVLDVDRAIMPLLIVAENARNPGLNLVPLHMDMAEDEEVRTQPPMAGSRHIAEFVASARPGRYRAVIDDGSHTRAADIRKDASGTSVIVVDPLRKEKDESAYVDYADNVNMEFGEHAKCAFIPVDIQKSFFDCRILSLSLALKMHDKDDAFAAFHETLRNGGDPSHHVSRAQQTEELGATLVLDGAPLVDARMMKHGQAASSVSRYLGNHPEQSTVPVNKRNETLGERTTRHLVKRKVRNRADSEGRVTSGETKEITFSNSVEQKRIALLNRAASYVNSAPPPVVMRMAKLLQDSLLDTN,1
MPAVAFPVSSPRLLARAVQIAVLAMGALCVGCQSVDYSPPRQDRPPRLVSGLVYWGGDDKEGSRAADKISDLPVYNGEDVWQRVAQRCRLVDGQGMNERIARQRDWLLSNRGFITGASVRASPYLHFIVERLDERNMPLELALLPMIESSYNPMANSPAAAAGLWQFIPSTGRSFNLHQSATYDARRDVVASSKAAMDYLTRLHDQFNNDWLLALAAYNAGEGTVGRAIEANRRRGLPVDYWNLNLPKETQDYVPRLLALSMVVRNPNAYGVKLTPVANTPYFDVVELNHAVDLTQLAATAGVDEGQLLRLNSAFLRKKTFDGPGRLLIPKTQNRVLTTSIARITGESPVTASIPLVTPSAIVKRAAERLPAPAPVAERPVRVAERPPLPKPVQSAQLAENLPSPKTAQPLPVAQQPTAPEALQPAPAAESAPAVEIAQSAPVVEPDPLTNRIQLPRIRDDRSSPRKRDDDEYRSGPRELPTGPRVVVFASDPRQ,1
MGNICNSGGVSRTYSPPTSPVYGSGVSSPSRFVGQYTLTSIHQLSSEERENFLDAHDPMRVYDLNSETSVYRTTQREYVRNGYATGNPNSGAIIALHEELQESPYAQHIGARPDQADAYRPRTAHVSSLNTPSLNVMAGQGALSALRGYAGSDHVTTEMRLGDFLDQGGKVYSDTSAMSAGGDSVEALIVTLPKGRKVPVNILD,1
MPGINGAGPSNFFWQWRTDGEPVTEREHDSSRSASSANSPELPPPASPAESGRQRLLRSSALSRQTREWLEATPARVQGATPPAEARQSPEAQQAERIVQELVRGGADLNNVRTMLRNVMDNNAVAFSRVERDILLQHFPNMPMTGISSDSVLANELRQRLRQTVRQQRIQSSTPARLADSSSGSSQRSLIGRSTMLMTPGRSSSSSAAASRTSVDRHPQGLDLESARLASAARHNHSANQTNEALRRLTQEGVDMERLRTSLGRYIMSLEPLPPDLRRALESVGINPFIPEELSLVDHPVLNFSAALNRMLASRQTTTNSPELPPLASSAESGRRRLLRSPPLLSGQREWIEQSMRQEAEPQSSRLNRAVRLAVMPPQNENEDNVAYAIRLRRLNPGADVSRVVASFITDPAARQQVVNDIRAALDIAPQFSQLRTISKADAESEELGFRDAADHPDNATSCLFGEELSLSNPDQQVIGLAVNPTDKPQPYSQEVNKALTFMDMKKLAQYLADKPEHPLNRQRLDAKNIAKYAFKIVP,1
LTPAQRSMLAELGVADTPVLTPTEAAVLRELRLHRPQLPLDTLLFTDPNKDPDDVVTYTIAKQLQADGFLRLTDVVVTLGDADMRSQRAQLAKGVFDRLALPDVRVARGQDYPMTSTQAREHSKFLAEGAALRAAPDAVHTDGVRAMCERLATSPHKLGMVVIAGMTDASALLAEAGDLVREKVASITIMGGIDPARDADGLVQPDTRAYNNATDIHAARALYRRAQQLGIPLRILTKEAAYKAAVPPAFYEGIARNGHPVGEYLRDVQKNALKGLWEGIQANLIPGLDTAWFFRTFVAAQPQDPVAADQQGALSFDAIWPQVTKLNLYDPLTLLAALPGTARLLFQPTPLHREGASPVEHVGHAEVVRPEKARLLLSALAKAALVQQDEGEHAR,1
MLAMVRRRSPPPYDDLSKVIANSGGKLSTTEVFSNPAEGHQGRKPNYAQTERFLLQPGNWHPERAQIQQRLGQQRKDAANRLSDVMAAHGHPNTIVAVMGNTAAGKTTALRTLDNFAHLGAHLDGAINPDPIKADLVQLARKPDGQNTISHKQAHQEGNVISQRVEYDMLKTKGSSLVYDKRFAKRHEFSEMLRTAEQHDKKVQIVDIDSGLTRSAVRVLMRPIDSAEPRVPFNAVAEGFIGTRVNREEVLRGRPDEVASDGTRVRGFKGVIDNPRVTSYDLFVPDNKGTPVRVAYKRDGVWHGPKTQEQEQLFDRSVKSNPYKSVEVARRIVIDSNFIHKQVEEAPEAFKAPMREALSRFQGMTLEQALDAHSRKIN,1
MLRSLTALAVAGTLAVGGLAVATPASAASASGTFYSVPYGSTLFEVTTVDGRPHADPATFQDWSAAGRPAPRAATTVYVRFAWESTVQADSTAGGARFSTSLSFDDWRRVGSPAPRTDRLPAAASILQYDASDELFVVEGFSSFSDVIAYHQLTFAEWTHLGSPAVDETSPRPFSKLSWYATLVGPISDDGTTGPVSFEIWDGYARPTPEVVSSYPGDEYCRAAGAQEIRYIGKAAPDGVAMTFDQSLAAGKPQPGTC,0
MKLLAATLLSLPLLGMAMAQASPKGASADAGVSPATSGGGAPALSITRSGSQPSAKGPAENFTGTVRVDPLFTANAPARTSGASVTFEPGARTAWHTHPLGQTLIVTSGAGRVQLWGGAVEEIRPGDVVRIPPGQKHWHGASPTTAMTHLAIQEALDGKVVEWMEKVTDAQYGTQR,0
MNKKSYLLSALALSISLHLNVASAVGASLPTQLQGQQLPSLAPMLEKVLPAVVSVHVEGEESASQQQPIPDPLKRFFDQNGEEGTNGDNRSPEFEGLASGVIIDAAKGYVLTNNHVVNGADKISVQLSDGREFTAKPIGRDEQTDIALIQLNGASNLTQVNIADSDRLKVGDFAVAIGNPFGLGQTATSGIVSALGRSGLNLEGLENFIQTDAAINQGNSGGALVNLNGELIGLNTAILASSGGNIGIGFAIPSNMAMVLAQQLIQFGEVKRGQLGIKGTEMTADMAKAFNVDVQHGAFVNEVLPQSAAAKAGIKAGDIITRVDDKQIASFAGLRVKIGTTPPGQEVKVGLLREGKPLIVSVKLDNSVQTSVNVELMTPALQGASLSDGAAKSGAKGVTVDNVDKAATAARFGLQKGDVIVGINRTAVHNLAELRKILVAKPPLLVLSVMRGDENLYLLLR,0
MMALLRIPGLLLVALSMLLSQVTRAANSVMIWPIDPRINSDEKAAELWLENRGTSTTLMQVRVFQWQQNQGQEQFQTQQQVMASPPMVRIEPGKRQMIRLIKQIPPTAGQEAAYRVLLDEIPTPQPQEENNVGLNLQMRYSVPLFVYGPGLRAKDIQPKLSWRLVNQGNQQAIEITNRGNGHARLSNVALGGRSITDSLMGYVLANASRTFPLPFKAPASAELSAQLGTKITWRSSAVQ,0
MKKLHLLNAVASALMLLVLAAFFMGLRLNLDGTHLVVNNAGEVRWNWIALGCGVVFLFQLLRPLLHRGLKKVSAPVLMLPGIDGSTVKQKLLLLALIVAAALWPFLVSRGTVDIATLTLIYVMLGLGLNVVVGLSGLLVLGYGGFYAIGAYTFALMNHYYGLGFWQCLPLAGLVAAAFGLLLGFPVLRLRGDYLAIVTLGFGEIVRILLLNNTEITGGPNGISQIPKPTFFGLEFNRSVRDGGWDTFHHFFGLQYDPGDRIIFLYLVALLLVVMTLFVINRLLRMPLGRAWEALREDEIACRSLGLSPTRIKLTAFTISAAFAGFAGSLFAARQGFVSPESFTFAESAFVLAIVVLGGMGSQFAVILAAVLLVVSRELMRDLNEYSMLVLGGLMVLMMIWRPQGLLPMKRPHLKLQQAQQEEQP,0
MNSSRSVSWLCVLFLLLLILALCAANTGAMKLSLPMLWQSGGDGSLWQIWFSIRLPRVLLAMLVGGALALSGCVMQGLFRNPLADPGLLGISSGAALAVAISVVIPLSLPGALMLYLPLLAAFFGSLIVTLVIFVLSSKRSSGLSRLLLAGIAINALCGAAVGVLSWLSNDQQLRQLSLWGMGSLSQAQWPTVLPCASVVLPCMFLVQRLAQRLNLLQLGDEDAHYLGVNVARTQRYLLVLSALLVASAVAVSGVIGFIGLVVPHLMRFCLGGDHRWLLPSSLLGGAILLLLADTLARTLVAPAEMPVGLLTSLIGGPCFLWLILRRQGGSHG,0
MKKIVIAALLAGYSLSAGASQTIRFAAEASYPPFEFIDANNKIQGFDVDLANALCREIDADCTFTNQAFDSLIPSLKFRRFDAVMSGMDITPEREKQVLFTQAYYDNSALFITQKGKVASVDALKGKRVGVQNGTTHQKYIAEKLPEVKVVPYDSYQNAILDLKNGRLDAVFGDTAVVNEWLKKNPELAPLGEKVTDKSYFGSGLGIAVRQGNSELQGKLNAALDKVKANGSYQALYSKWFQQ,0
MKQAFRVALSVLMLFIAVAHAEVRIEITQGVNTARPIGVMPFKWDGPGAAPEDIGAIVAADLRNSGKFNPIDRARLPQQPTSVAEVQPAAWTALGIDAVIVGQVQPGADGSYAVSYQLVDTSANPGAVLAQNQFKVTKQWLRYAAHTASDESFEKLTAIKGAFRTRIAYVVQTNGGQFPYELRVSDYDGYNQFVVHRSPQPLMSPAWSPDGSKVAYVTFESGKSALVIQTLANGAIRQVASFPRHNGAPSFSPDGSKLAFALSKTGSLNLYVMDVGSGQIRQITDGRYNSTEPTWFPDSQSLAYTSDQAGRPQIYKIGVNGGTAQRITWEGAQNQDADVSADGKSMVMISTNSGAQHVARQDLVTGAVQKLTDTFLDETPSLAPNGTMVIYSSTQGMGSVLQLVSTDGRFKARLPATDGQVKFPAWSPYL,0
MDGAMKKNFPMTPLTSRRRLLLSAMGIALLANRPSGARAAELARRQPISSASMPARRDNGKKIVMIDPGHGGIDSGAVGHEGSEEKHVVLEIANHIRQHLSAHPHIEVRLTRESDHFIPLGERVGIAHQHGADLFMSVHADGYTSPSAHGASVFALSNRGASSSMARYLSQRENAADKVGGVQTATKDRYLQQVLFDLVQTDTIKNSLILGQHLLGQIRPVHPLHSQHTEQAAFAVLKSPSIPSVLVETSFITNPAEEKLLGTTAFRQKIAGAIADGIVSFFSQNPPPRRTG,0
MKVMLMLSALLLSAASLAATPWQRIQHPVAGAPNAIGGFANGCIVGAQALPLNSPDYQVMRQDQRRYFGHPDLILFIQRLAMQAHNLQLGNVLIGDMGMAAGGRFSSGHASHQTGLDVDIWLQLPKTRWSAQQLLKPQPLDLVAADGRNVVARHWQPEIASLIKLAAKDEDVTRILVNPAIKKQLCTDAGTDRSWLHKVRPWFAHRAHMHVRLRCPQGSPDCEEQAPPPPGDGCGAELQSWFLPKQPGSAPVKREPPPLPPACQALLDKHLL,0
MIRRLSAALGLATFAPTLWAADALTGAVQKQPLNIAAIVMFVVFVAFTLYITYWASKKNKTASDYYSAGGKITGFQNGLAIAGDYMSAASFLGISALVYTSGYDGLIYSIGFLVGWPIILFLIAERLRNLGKYTFADVASYRLKQKEIRTLSACGSLVVVAFYLIAQMVGAGKLIQLLFGLDYMVAVVLVGILMCLYVLFGGMLATTWVQIIKAVMLLSGASFMALMVMKHVNFDFNMLFSEAIKVHPKGEAIMSPGGLVKDPISAFSLGLALMFGTAGLPHILMRFFTVSDAKEARKSVLYATGFIGYFYILTFIIGFGAILLVSTNPAFKDAAGALLGGNNMAAVHLADAVGGSLFLGFISAVAFATILAVVAGLTLAGASAVSHDLYASVIKAGKANEKDEIRISKITTIALAVVAILLGIAFESQNIAFMVGLAFSVAASCNFPILLLSMYWKNLTTRGAMIGGWMGLISAVVLMILGPTIWVQILHHEKAIFPYEYPALFSIAIAFVGIWFFSITDKSKAAEGERALFYPQFVRSQTGLGASGAVSH,0
MLQLHKEKGFTLIEVLVALLIIAVAMAAAARLSGVMTFNNGVLRDRAIALLEAQNQLAELRMMTRLRPGFTTRKCDQGRLSLTCEQTLKASADGMLMRVSLRVLQRDNKPPPLARLDTIIAIRRQPKESP,0
MQRPSRFRQIVASALLSAAMCSATQAATVLKAPREVVWADFLGVNVQFQYFAPDIYQQQMSRLDELGLNWVRLTIHWPVIEPQKDHYALTELDAAMAAIKAHSYNTVAYLVGSAPFASSAPAGAKSRDQYPPTDFNVFAARMTALAQRYPQVNNWQVWNEPNIVWLPKEDPTAYGRLLTTTASAIRAALPDKTIVTAGMAYYSQMHSTSGYMMQALLDNGLGQQNIVAAYHPYSEYPEGDSLPDRDFLVRANAMNQLLHSNGVKQVWATEWGWSSYAGPVEMQHLIGTSGQADYTLRRLALMSAMDFQRIFLFNLSDLDERASARDQGYGLLDLQASPKPVYTALQNFLKITGPRLQPAEPPAVSRVPDDLYAVPWTRDDGTHLLMFWSATGTSLNFPNITDAVVHDPLSGSRTPLSASQGVTLLLKPTLQILEWKP,0
MPIRILERRMNITTFAKRLCLLVPLIITPTVWAAEQMTPAAPQLAAKSYVLMDATSGNVLVENNGDQRLAPASLTKLMTAYIATLEIRRGQIGENDPVTISENAWRTGGSRMFIKVGSQVTVSDLLHGIIIQSGNDASVAISEHIAGSEDAFADMMNKTAGDLGMTNSHFMNPTGLPNPEHYSSAHDMAILARAIIHEDPAHYAIYSQKEFFWNGIKQPNRNLLLWRDKTVDGLKTGHTDEAGYCMVSSAVRDGMRLIAVVFGTNSEQARAAETQKLLTYGFRFFETQNFYQKGTELAQATVWKGTERQVKAGLAEDLSMTMPKGDMKKLSASMTMNPQLVAPIAKGDVIGKVEVKKDDQVVHTANLIALDAVEEGGIFRRVWDSIRLFFYGLFN,0
MSAFKLFLPSLLVMALAACAVGPDYKAPVTAPAQLASAAQGNYDRGKVDTVWWQQFEDPTLNKLVARSLDGNRDLRVAFARLKAARAIRDDVANDAMPVITSRASSDLGKGQQPGVTERRVNSERYDLGLDMAWEVDLFGRIQRQLEASNADQEAAEANLYQLQVTLIAEVVDAYGQLRGAQLREAIARDNLKNQQSSQDVTTQLRDAGVGNELDVVRAEARLAAVEATVPQLQAEQVRQRNRIATLLGERPENLSVDLSPSKLPAIAKALPIGDPTQVLRNRPDIRAAERQLAASTARIGVATADLFPRVSLSGFLGFTAGRGSQIGSSAAKAWSLGPSITWAAFDLGSVRAQIRSADADAEGALANYEQQVLLALEESENAFSDYDKRQQRLVSLMRQSDASRSAARLASVQYREGTADFLVLLDAERERLAAEDSQAQAEIELYRGIVAIYKALGGGWQPQA,0
MCRNLLAGLMLVILAGCAQQPPKDDSLYHALGQRPGIQRIVEGMLLNVAKDKRIVEHFKKVDITRLRDKLTEHLCVEAGGPCKYTGDTLAEAHKGLNLTRSDFNALVEDLIDAMDAEGISVPNQNRLIARLAPVRGEVIEK,0
MKSPLALATLFCALTLSFTGAAHAATVLKVASTPTGSPFTFLDTKTNTVEGVMVDIVKAVSEKAGFEVQIEAMPFASLIGSLTSNRVDLISAAMFITPTREKVVDFSTPIYSYGEGVVVPVSDTTAYNSFTEMKGKRVGAQVGTAFVEPLQKSGLFSEVKLYETTADLMRDANAGRIDVGVLDYPIAAYAISQKHFPSLRLVSSYKATMPNNIGIAGRKGDTELMGKINTALAALKADGSIDAILKKWGL,0
MRQRYLALLSVFASLPAMAITFQTRLESIEWKVEGDQFECRLSQPITDFGAGEFVRRAGEQATFRIKSAGNMMGAGSATLIAAAAPWQPGRGDINLGSVRVSNGEFPFSSSQVQAGRLISGLMDGRSPVIRHYSRDVGGTTEVRLLPVKFNKAFGEYQQCVAKLLPMNYDQVKQAEVGFPGGGIDLDAQAKSKLHTIVAYLKADPTVNHIELDGHSDNSGNRLTNRDLSRRRALAVMDYLKAQGIPEEQITLRFHGERYPLAPNTNNANRARNRRVNVHLERVAPDEKPAPVASIGPSAKV,0
MKFSNLTTLLACAAALIPLGAQAAMDGATRSTFTQECVAAAKQQKLDDKTAKAHCECGAKQVDSHFTDKEIASLGATDVAPPAALTAKLQKLVAENCTAAK,0
MRRSTLTVTAVALLITCAAIAGWKLTRPATLAKNVSTAVPVKVITVSMEDVPRFVTGIGSVLSLQSVVIRPQVDGVLTRVLVREGQQVKAGELLATLDDRSIRASLEQTRAQLAQSKAQLDVAQLDLKRYRQLTEDNGISRQTFDQQQALVRQLAATAQGNEASINAAQVQLSYTQIRSPVTGRVGIRNVDEGNFMRVSDAEGLFSVTQIDPIAVEFSLPQQMLPTLQGLIAAHSAAAVKAYQGDGATNGLLLGEGTLSLIDNQVSATTGTIRAKARFKNPGEQLWPGQLVTVKIQTGIELNSLKVPPQVVQRGIDQHFVYRVTANNKVEVVPVKVLYQDSEQTLISGPQAGDVLVSDGQSRLRPGSTVEVVTAPAPEVASVPVELAR,0
MHRKTLSAALAILSATSLATSLAYGMTATALPENAPADKHIGTLEQVHVFYDAMPTGVTVSETGRIFVNFPRWGDKVPFTVGEIREGNVVAYPDQAVNQENPKDPGDGLISVQSVVADGNGRVWLLDTAAPEFSSPRPRGAKLVAVDLASNRIVKRLVFPDNVILPGTYVNDMRFDFRKGPEGTVYVTDSSVSGPGAIIVMDIASGHAVRRLSGAKATSADPDFVPVVEGVQVLGQGPDGKRKPVTVASDGIALSADGKTLYFSPLSSRHLYSVATDLLNNSQVTEPQLAAAVKDLGEKGASDGLESDADGAVYAGDYEHNAIRKRLPSGVWQTVAHDPRMLWPDTLSVGPDGYLYFIVNQLHRQAGFNAGQDKREKPYSLLRVKIDARPAPTH,0
AAIIAATVLTGCAAPSSSARAAGPYKVLSSAKQDAAVAQCIQVTWQNEAMFGTSTDVFLHDLSGGGFTVFTTESTYFADVRGKGPTTAVEFYAPQGDAQAALRSAAIATCL,0
MSRPIKNTSPGYRRPLLAGLFAALALCIALPVEAQETLRIGYQKSSTLITLLKTQGTLEKALAPQHVNVTWHEFPSGLPLLEALNVGNVDISADVADTVPIFAQAAQARLTYFAQEAASPSAQAIIVHKDSAVQQLSDLKGKKVAVTKAAGSHYLLIAALQKTGLAFSDIQPAYLSPADGRAAFENHKVDAWVTWEPFLTSAQRQLPTRTLADGSGLASYKRYYLTGTGYAKAHPQVLSVVYDQLHKTGNWLKANPKDAAQVLSPLWGNLDIETVEIANSHRSYQIQPVKRDELGEQQKIADAFFAAGLLPKAVDAGDVEIWKP,0
MLSRIPAVTRCLSLAALCAASSVHALEFPLPPPGEDIVGQVQVIKAKYEDTFADLGTQYDLGYLEMIAANPGVDPWLPGAGKDIVLPTRFILPPGPREGIVINLAEYRMYYYPKGQNVVHTYPLGVGREGWGSPIGVTKVTAKTPNPTWTPPASIKAEHAADGDPLPDVVPAGPDNPLGPFKFGLGLSGYLIHGSNKKFGIGMRTSHGCFRMYNNNVLELADMAPVGTTVRIISEPYKFGISGGKVYLEAHTPVDDLGNPSVVDKHTAVINALLKRDDLANNLRMNWDVVRDVVAAEDGMPVEIAEPGKAPANAEEPVIFQ,0
MLRLSKRFTLTLGVVLALALSPIIQAQTGKRLALVQVNQQALYFTQITQGAQAAAKAAGAELVVFNANDNPSAQNDAIEAYIQDKVDAILLCAIDVNGIKPAVTAAAQAGIPVVAIDAVINGDNAVQVGVDNREAARQIGQYTGEYINRELAGKASIGVVGALGSYVQNLRLDGFREGLAKTASQAKIVNTVDGNNVQDTAQAAAENLLTANPDLQIIYATGEPALIGSVAASVSQGAGERVRIFGWDLSSQAVQGLDDGSVAVVVQQNTQAMGKTAVESALALLSGKTVAREQSIPVTLVTKANLAAYRAEFK,0
MPLRLIRALLSGLLILGLSACALIPHRDPLAISVVGIEPIPGQGLELRMAVTLRVQNPNETEINYSGVALDLDVNDRLLASGVSNQKGTVGRFSEAVLVVPVSVSAFAALRQALGLSQSQRLDNLPYTLRGKLAGGLFGTMRFSDSGTLDLRQAEGDPW,0
MLRRIVLLTCAVLLTACQSNSINRDFDAQRDFGGYRSWSWKEPAVQYQPANDPRLKSDLTEQRLRQSIGEQLDQRGLRMAAAGARPDLKVQAWLIVENRQQTVSTNYGGGWSPWGGYGYWNGPMNTETRSVDYKVGTVQIDMFDGKDGKLVWRGSTERILNDNAGSPSERDQAMRTTVAKILEQYPPS,0
MNKRLQGNCSSKPALARCLAVLAMMMALSACGVTDRVAKRMDDTWAGDMMFGDNEKVILTTDGGNQLNPDEYGKPLSVVVRVYQLSSLERFESINADTLWEDPQKALGNTLVESRELILLPGMGQTDQWPLNPNASYVGIAAFFRTDVDSRWKVAFDANTLRKDGIWFSSDGVRVLVDNNYILAVRGVDVLNKLKTEEQFNKSNSIPEQPASKSMTERAQDAAVQQVQDSAGSAAKKAADSQFNSLLEGAK,0
MKKLLAIFAAVTALSAQANETLTVAASAVPHAEILEFVKPTLAKEGVDLNIKVFNDYIQPNVQVSQNRMDANFFQHQPYLDEFNKGKGTDLVAVAKVHIEPFGAYSEKFKTLAELPNDANVALPNDATNEGRALLLLAKAGLITLKEPGNILSKPSDVVNNPKNLKFRELEAATLPRVLTQVDLALINTNYALSAKLDPTKDALILEGADSPYANILVARPDNKDSDAMKKLVAALQSPEVKTFLAEKYKGAVLPAF,0
MPKSVLRTVATVSFIALSSTAYAYDLPGLNLGNTSFYDGSPAPAGPGWYLEEYLNYAKANRFNDVNGDKLQLPKQDVDVLAVTTQIIYVGQPMANGAMPGITAINTSLAHVDVDDGLGNTALSSRAGFGDLVIGPFLQLPTITRADGSPLLTQRIEADIAIPIGAYDRNRSINPGSNFWSFNPYYAATYWFSPKWSASGRFMYLWNGKNDDPQAGFGNVSDTQAGQALHANLTLQYAVNEQLSLGLNGYWLKQFTDTQVDGHDVSGRKEKVWAIGPGFLYAFNKENVLTVNSYFEQGAENRTEGNKLVLNFLHKL,0
MTNVFISALVAGLWIASAANASASSFTAQVMDKEGKPLADAVVTLKGPPDPSPIVLKASMDQRDQEFAPHVLAVHAGTQVKFPNSDNIRHQVYSFSPAKRFELRLYEGVPSDPLLFDKPGVVVLGCNIHDWMVGYIYVTDDSWFGVTDRNGLLKLDQVPAGHYAATLWHPRIADMQPVSGGEFEVPAAGLTQRFNLAVEVEAEDKPGKPAPGRFGDAFHEATHE,0
MNAKMTISRHLALETRWLLCAIALLCLSGTVSLARAENFTLPEQLIGVTQGFLEFTVEDYLATNQIDGRHDIQVKQLDPRLRMGACDKDLTATLESPRPVGRVTVRVRCEGSSPWTVFVPAQVQLFRNVVTVMRPLKRDAIVTEEDIAMRERDVSSLGQGFLASLDQAVGQKVVRQMVIDQVITPVALEQPQMIHKGDQVVIIARSGSLAVRMPGEAMSDGGFNEQIRVKNLNSQRVIKANVTGPGQVEVAM,0
MKFHAIFLALMIPAFSAHAEAKAIPIPHDPTGQHALVEKSGSAQERVVVTRRDGLLGVIYSKRVYNCANHTVNLVGTGSTLEIMEQARAVSGMGPVIRDSTAEYIQTEACS,0
MTHNPSISRWLVAGTLSLLIGTSAFADSTTLRSGKYEQLMLAVTPDHQVEGYYEEERGEDPPFRCAFYLKGTIEAGKDVAVSSWSDGAYPGTLKPSADGVTLTIKEGQNNSGCLNVLIPEIATGLDLTRTASKQWISLVKVNADKAWLQKTANAKATRGPYIVKGDVVGVLAFKDGAAQVEFINADNRSFTGWISQDQYARLTAPKQ,0
MHIHILGICGTFMGSLAVLAKELGHRVTGSDANVYPPMSTQLQAQGIELTQGYDPVQLVPAPDLVVVGNALSRGNPSVEYVLNKGLPYVSGPQWLADHVLQGRWVLAVAGTHGKTTTSSMLAWVLEHAGMSPGFLIGGIPQNFAVSARLGETPFFVVEADEYDSAFFDKRSKFVHYRPRTAILNNLEFDHADIFPDLPAIERQFHHLVRTIPSEGLVIHPTTEPALSRVIKMGCWTPVQTTGEGGQWQARLLSEDGSRFEVLFEGELQGAVEWDMTGLHNVANALATLAAARHVGVVPLLGVQALSAFKSVKRRMEKVADVHGITIYDDFAHHPTAIATTLDGLRKKVGDAPIIAVIEPRSNSMKLGAHRDGLPESVQQADQVVWYAPPNLGWDLAATVAGGTVPALVCDSLEAIIAQVKSQAQPGTHIVIMSNGGFGGLHGKLAEALQ,0
MNRRNLLKASMALAAYGSVSASGLYAARALAAAADGEIEHFDFAELQAHAKKLAGKGYVSNKQVLPPVLANMTPLQFNAIRYDPNHSLWKDVNGQLDVHFFHVGMGFKTPVRMYSVDPQNKQAREVHFRHDLFNYESSGIDKNLVKGDLGFAGFKLFKAPEIAINDVVSFLGASYFRAVDSNKQYGLSARGLAIDSYAKRQEEFPDFTKFWFETPDKNATRFVVYALLDSPSATGAYRFDIDCQAGQVVMEIDAHINARTDIQQLGISPMTSMFSCGTHERRMCDTIHPQIHDSDRLSMWRGNGEWICRPLNNPAKPQFSAFADKDPKGFGLVQSDHEFSSYQDTVVWYSRRPSLWVEPITAWGEGEVSLLELPTTGETMDNIVVFWTPKTPVKAGDSLNYGYKLFWSPLPPVSTPLAQVHATRSGMGGFLEGWAPGEHYPKTWARRFAVDFNGGGLDRLPEGTGIEPIVTVSHGKVQDFNILVLPDIKGYRITFDWVPDSDSVDPVEMRMFIRTGDRTLSETWMYQYFPPALDKRKYP,0
MKRYWLSLSLAIVLAGCQSAREQMLAEGYPPGFADGYQDGCSSGRDAAGASTGQFRKNVPRYLKDKLYAEGWTDGFRQCQASQNNRDRLDPGQVFNDRDRDWEREKTRSAAKAYRPN,0
MFNRIGRVLASAALLTACALGTVQAAEEKVINFGIMSTESSQNLKSIWQPFLDDMSKKTGLKVNASFASDYAGLIQGMRFNKVDVAWLGNKAALEAVDRSNGEIFAQTAAADGSAGYWSLLIVRKDSPINSVEDMLKNAKSLTFGNGDPNSTSGYLVPGYYVFAKNHVDASTAFKRTLNSSHEVNALSVAKGQLDVATFNTESWDRLAVTQPDKVEQLKVIWKSPLIPADPIVWSKALSDENKTKIREFFASYGDTDEEKTVLKNMQMGKFLKSSDDQLLPIRQLELFKQRTEVVASTTLNAEEKASRLKDIDASLSKLQERITELNQKTATSTAG,0
MWQSYFNGLLIAAGLIMAIGTQNAFVLAQGLRREHHVPVAMLCVVCDAILVAAGVFGLANVLAHNPTLLAVARWGGVIFLTWYGLQALRRACSRQSLEHSAAAGTRSRRTVLLSALAVTLLNPHVYLDTVLLIGSLGAQQSVPGAYVAGAASASLLWFSALAIGAAWLAPWLARPATWRMLDVMIAVMMFSVAFQLIRSA,0
MRPVSMFSLRSICAAALFALCLSIFPALAAEPPTRDAVQQSLDKIADRKLPDADQKALQQVLEQTLAFLNSKDDSEQKLTALKQQLAQAPKQTSDNQRELARLKESKVVAVAQRYGGLDVPQLEQLLSQRSTQQSDLQSELNDANSLAITAQTRPERAQTEISANQTRIQQINAILKNGKDNGKTLSADQRNLLNAELASINALNLLRRQELAGNSQLQDLGNSQHDLLTEKVARQEQEIQDLQTLINDKRRAQSQKTVADLSLEAQKSGGSSLLATESAANLKLSDYLLRGTDRLNELTQQNLKTKQQLDNLTQTDQALSEQINVLSGSLLLSKILYKQKQSLPHLELDKGLADEIANIRLYQFDINQQREQMSTPTAYVERLLATQPPENITPQLRRTLLDLAITRSDLLERLNRELSALLNESITLQLNQKQLTSTAVGLRSTLDEQMFWIPSNKPLDLEWFQNIWPRLQKQVATLPWTSSLSELSDGLTQRPLLFLPLLLLIGVLTWRRKALYQKLNRLHADIGHFKRDSQWKTPLALLINVLLAMPVALGLALCGYALQIDARGQNANLGEALLQIALAWLVFYTAYRVLAPSGVAQLHFRWEPAQVAFLRGWVRRLGLVVLALVAVVAVAEHQPAALADDVLGIGVVLTCYALMTWLLGRLLLSSPTHHNASLFRKTLGVAFTALPVALFLAVCFGYYYTALKLSDRLIDTLYLMMIWLMVEATFVRGLGVAARRLAYQRALAKRQAARENGDSDIPVEEPKLDIEQVNQQSLRLIRLALLAGFVGALYLVWAELITVFAYLDNIILYEYTSGTGANMSMVPISLSDFLGAGVIIVITFVLAGNLPGLLEVLVLSRMNLAQGSAYATTTLLSYTIAGIGFVTTLSTLGVSWDKLQWLVAALSVGLGFGMQEIFANFISGIMILFERPVRIGDTITIGALSGTVSKIRIRATTITDFDRKDIIVPNKTFITGQLINWSLTDTVTRVTLKLGVDYGSDLDLVRSLLLQAARENPRVLKEPEPIVYFLNFGESTLDHELRMHVRDLGDRNPVLDEINRFINREFKKQHINISFRQMEIYLKNTQGLEYKLVPAEPGEKHGAPAGQTTLQPVNTKVAPATKDAPEPPELRLD,0
MNRLCRALMLLGLLCLSSLAQAFDLQQLSDQLAKPAVVQGRFIQEKHLRALPQPLLSKGRFVLAKDFGLLWLLETPLKQDYRINATGIARRETVGDVSTWKPVPNKNAGAEQNRLFLAVLQGDSSGLQRDFDLQIKGEANAWHLTLTPRSLLLQQVFRQINIDGGELVQRIELLETQGDSTVLKMIDSNSAPTLTDAQRNDFNN,0
MTPRSRRHPYEIPYMKYSSILLLSLTLISGAASAGNLESGVGGALGGVLGSVVGQQIGGSTGSAIGAGVGGAAGGAVGADRRNRTEAAIGGGLGAAGGNVLGRSVGGNTGSLVGSAVGGGGGAALGNYMGNESRSDDRRYRGDRDDRREYRGHGKRNKHYGHRRHGRD,0
MRASPILQSFKLLALTGLAVLVASCSSPSRTTSSQSPKGGAVVRTMPGLDINRAHKDGAPWWDVDVSRIPDATPTLHTGAYKANPYTVLGKTYFPMSDSRRYVASGTASWYGTKFHGQNTANGEVYDLYGMSAAHKTLPLPSYVKVTNLDNNRTVILRVNDRGPFYSDRIIDLSYAAAKKLGYAESGTARVKVEGIDPQEWWAQRGRPAPLMLNQPQVMAQATPPALSTSTGTVEQYTPPPQQHAAPVVPLQVDAKKNASGQAAGLFLQVGAFANPDAAELLRSKLSGMVRAPVFVSSIARNQQTLYRVRMGPIDTPGEAQQLQNSVRSANLGQPSVVTSDQ,0
MLKKIALAACSVLFAANLMAAQDKATHVVLDTSFGQIEIELADTKAPVSTQNFLGYVDSGFYSNTIFHRVIPGFMVQGGGFTQQLVQKPTKDPIKNEAQNGLHNVRGTIAMARTSDVNSATSQFFINTNDNAMLDNGTRDFGYAVFGKVVKGMDVVDNIVNARTGNQKGMQNVPVDPILIKSAKRVN,0
MNPLRRKRLLIILAVLGGVGLALTLALSALKENINLFYTPSQIANGQAPLGTRIRAGGMVEKGSLQRSTDSLDVRFVVTDFNKSVTIAYRGILPDLFREGQGIVALGKLDAQGVVVADEVLAKHDEKYMPPEVSKALRESGQATPAPASMPARQADR,0
MTRRCATICAMASVGLVSSAQRGMRWNMTRLPSPAQLFHETFTVSKTVGVTLIVAGVLTINLRRIHNPPLQDFSHENQRFR,0
MKTKLTALALLLAVSAPMVQAAAEPSGYTYRMVAEAPSSVNDKEIAGLFDRWNKALQTGNPKTVASLYAQDAVLQPTVSNKVRATPAEITDYFDHFLVLKPVGEINYREIRRLGPDAAADNGVYTFTLTAADGKKTKVQARYSFLYHRIGNEWKILNHHSSAMPEIQPEYQVSR,0
MRRAAMLTIAIMSALTVNSALAETPGISASSSGSVIGDDVLYSVGGGNAVTMGSAGNMDSISIGGGWNSNLVCGNMSLNNTLENQLNGTTSGFQTIMGSMISNATSAVASLPGLIIQRANPALYNLLTNGILQGRLDFDRSKGTCRAIADKMLDVAGGQMGWYKIAEGQAMSQAVKTGNTDAVSAVAQVEKQGGNDGITWVGGSKAGGSGQQPIKVVGDVTRAGYNLLNGRNAADTASISPSSCNNGMVCSIWPSPQEATTFANRVLGEQQQRTCEGCNKTTSTAGVGLTPLIQESYDSKLKALQELISGNKSLTQENLSQASSSSLPVTRGVVEALRSEHDQDILAKRLASELALSDVLGKALLLQRTLFTGSKEPNIAANDVAQQAVSQQNNNLQQEIDNLKTELDMRRNLASNSPTAILQRAQIRRDGSKGIFQGDPTPDRLDQLQNPAKGNAP,0
MINLFRGLLVVLCFASAMVAAEEKNILVTSGSDRAAPIAVVPFGWQGGNVLPEDMAEIISNDLRNSGYYAPIPKQNMISLPTQASEVIFRDWKALGAQYVMVGNITPAGGRLQIQYALFNVATEQQVLTGNVSGTNDQLRDMAHYIADQSFEKLTGIKGAFSTRMLYVTAERFSENNTRYTLQRSDYDGARAVTLLQSREPILSPRFAPDGKRIAYVSFEQKRPRIFVQHIDTGRREQITNFEGLNGAPAWSPDGSKLAFVLSKDGNPEIYVINLASRQLSRVTNDSSIDTEPFFGKDGSTLYFTSDRGGKPQIYKTNINGGGAERVTFVGNYNANPKLSADEKTLVMIHRQDGFTNFKVAVQDLARGSVKILTDSNLDESPTVAPNGTMVIYATRQQGRGVLMLVSINGRVRLPLPTAQGEVREPSWSPYLN,0
MLKRSTLSLGSAVLCGTFLVGGCANQLSQRSEHEERVERKLLEHTLQVDIGEPKTLELPQRRVRIHEHKSFEVTDFEVTRHYDRYTPYQPWREIYEIPLGAVAVVAGVGANVVNVFALGNLPESMTKDWIHYGVAGLNPFMNAPSHGRAQQNLASIDEVQKDKRIENSTLPWNERPVMVKAGNQTHEMSTDRNGVLRLNLLDSPFAEQDLSRITRIYINVEDDQDSAHANASLPISHSLRGKLLEAHALIYDDLEDDEVSQWVHRVKRLSDMGLEEEASELEQSLIELTRNDPQLQGEFLKSLARDAGRLVAVPAQSE,0
MLRHRFALLVLASVLPLALTACSEKTQPDPRTDAPLVRVAILQEASVAPRSFTGTVAARVQSDLGFRVSGKVLERFVDTGQAVKRGQPLMRIDPADLKLAAHAQREAVTAAKAQAKQAADEETRYRSLRSSGAISASSYDQIKATADSAKAQLSSAQAQAEVALNATRYADLVADADGIVMETLVEPGQVVSAGQAVVRVAHAGPREAVIQLPENLRPLIGSAAQATLFGNKDLSTTTRLRQLSDVADRQTRTFEARYVLEGEMANAPLGTTITVKIPSADVAGQSTLQVPIGALYDAGKGPGVWVIQGEPAQVNWAPVVVQHLDDEHARISTQLKPGARIVALGAHLLHEAQQVRVIAPANVSVAEGARP,0
MYLARTRFLFFMAFLACASIFSTALYLQQAFALDPCVLCLLQRAAIVGCGLLALTATCHAPGQVGWRRYSLGLLLIALAGVGAAGVQVWLQTASADQLIPFIARLEHVMGLLSLDTCVDRLRSDALLCAEITWSLFGITLPEWSLLAFTGIALLPLYPLLSEFSHWLAGKSQGEY,0
MSASRISFVSRWVSLLALSAGVLAPLAAHAEVVTVLNSGDASVTLIDKDSRRVLETFPIGKEPHHLIATPDEKSLIVANAVGNELVFLDPVTGKIQQRVPRIDDPYQIGFSPDQKWFLTTGNRLDRVDIYRWDGHALTIAKQLPLAKTPSHIAFTADSKVAFVTLQDSNEVVAIDLPTQTVMWRMTSGAAPAGVWVTTDQKYLLVGMTGADFVEVIDWRNRTSVKRIPTGKGAHNFRALGDKRHLFLSNRVSGTISIIDEQTLTKVGDITGLPPGPDDMELTADGKQLWVTCRWAKRVAIVDVASRKVVEEIKVGRSPHGIYFRTRAPLI,0
MSKRLTVWTAALMGLGVCACAIAQDIPVGTCRPMVGQAEIDGVMQQVSGTACLQPDGTWQMADGTTVAYAGPPYFVDDTWYWAPGGVVFGSVIFIDRFHHAHHMHHAFFRHDGGGFGRGGGFHHGGGHGGHDGGHDGGHGTGGMHR,0
MGTRRVRSMKTGGWRRQGAIAAAVLAAAQWVSVPAFAQAASTREGMQAAASAPAPEPGGTDVRWRRFVGVNGVESYLDRQSVKPPAGADAEAPTVSFRLLRNVLPDFTIKTADGQPIRSSVKQVVLDCAHRSYTVIAQTLYRARNATGKPLYQIHYGNDAQSRVLREGSVFDWIAGRFCAPPR,0
MKNILIVGATSAIAIACARQWAAEGARFFLVARNGERLEQVADDLSARGAQLASRHQLDITDLERHAAMFEQCLAALGTIDIVLVAPGTLPDQAACQADPAIAVREFNTNATAVIALLTRIANALEAQRSGALAVISSVAADRGRPSNYLYGSAKAALSAFCEGLNARLFKAGVHVLTIKPGFVSTPMTAGLPLPGPLVASPEKVSRDIVRAIDKRKDTLYTPWFWAIIMLIIRSVPKPVFKRTSL,0
MKRSLRILTSALFGACTIAVALQCVAEPATTNVESLINRNKWKEASRAIFLEARSVDKFEWSIPAGQARAGFLEDALDTIADVAPNSQPGALLALVADVPSIPPEKKAELVKAALDMARKGSGKSSNYSRSGDLTGVALFYARTGAVPESRVVFEEALRCAESGIGEKGSGAYRRVTETMARESTGNQDWMIQLAMQHLQRAGKTADSAYSYLDLAQVAVRLQRKELASELVDLGISAAKAIDRALMRKSALEQLANVAMEAGYTKRLPEPSPSTLAVQEARSGHPEKALAIASGLSETLYVDSGLEAYRRVFDDAVKREDLETARYFAEHPIKKLASMKIVVWRRVAELQVKKGLQKDAANSYRRATATILDDLGTTRYVTEVEAIAALGESMRQNGFDAEGRKAILEAVSMIDQIPERQADGRIQAGILLSKTLWRSGMHADAKQQILRAYRAANTYSDKVGIRKGDLLSAIGQTTSIFISEVSANEPTKTPRKSRL,0
MKLSALLRPLAALALLCAAPAVFAQAQPGLPLLTGTAGGQSYSLPVQTLVFLTSLGFLPAILLMMSSFTRIIIVLSLLRHALGTQTTPPNQVLIGLALFLTFFVMSPVLDKVYTDAYLPLRDSKISVEQALDTAATPLRQFMLKQTREPDLALFAKMGNLPPIASPDQVPMRALIPAFVTSELKTAFQIGFAIFIPFLVIDIVVAAVLMSMGMMMVTPSIFSLPFKIMLFVLVDGWHLLLGSLAQSFTQ,0
MRWLPMLLFLAGWLALAQAATVRVSAGQPLQAAIDAAHPGDMLEIEHATYTGNFVVNRALTLRGLDRPTLSGGQRGDTVRVSAPDVVIEGLIVRDSGDSLKDQNAGINILPGAHRAVVRHCDLTYNLFGLWIEKADDVRIEGNTITGKRDYNSAQRGNGVELYNTQRARILANNISFVRDALYVDVSHHAVFKGNRLHHSRYGTHYMNSYYNLWEDNDSYDNRGGLALMEVRDQIVRNNRTWGNADHGIMLRTLQDSRVEDNVVAGNDRGFFIYDVEYTQLRGNLVIGNRVGVHLSAGSTRNVVQGNDFIGNREPVRYVGARDEAWGGRSPAERSQGNFWSNYLGWDRDGDGIGDLPYEANNMVDRLIWRHPGVQLLLASPAVQVLRLVSRQFPILRVPSVVDAYPRMQPIHPNWSTWRDKQP,0
MQLTQRFKLAAVAAAGLVSAAHAQSSVTLYGQVDAWVGVQKGLDSSRAGVVNPGGMSTSYWGLKGSEDLGNGLKGIFALEAFFRPDTGRAGRFDGDNFFARNAYVGLASNTWGSIKLGRNTPPYFVSTILFNPFVDSYTFSPAVFHTYIGNGLSGAAGISGLVGDSGWNNSILYSTPDFNGLSANLIYGAGEQAGHNGQNKWGGSLLYFHGNFAATAAYQQVRFDASPGDLSTIVAGFTRQDAALLGATYDFGAVKLYGQYQHIKNTISTGDTKANGGQLGVSVPLGAGSILASYAYTKTSGAADVKRNTWAIGYDYALSKRTDLYAAYFRDKVTSLSTADTLGVGMRAKF,0
MLLQGSRAFIRQALAILACAMAAASAAQAADVERWRMATEYPVTAMPGEGVASFAHEVALRTGGALEIVPSYDAAAGIKSAAMPTAQRDGRLEAGDAFGGALAGIDPVFSLSSLPFVAASAQDAHRLADLARPLYAQAFERQGLHLLYVTPWPATGLWSKQPVLGVEALRALAVRTYDATSQHVMQAAGAKAENLAFTELMPRLADGSITAVLSSGDGGAGRKLWTWLPNFTAIGYAMPLSFATVNARAYAALSREVRRAVDQAAEMTELQQWGRLQTRLAENTRRMQDNHVAIVETPSPELRGALQAAAAQTVAEWKRQAGPAAAAALERFQRDGAR,0
MKTLSIKARLALVLFVLAVFLAGVGALGLVGNLRSNAALKETYSNNLASTRALGLAEAKLAQARTALDRAIFETDPAKTTDAISRIQAQIGNSEKAWAEYLNLPFSTPEEEKVAGEAKKQRDLIIKDNIAAAVEALKRGDKDAARQLAVEQIPYNFRTYASQSDRLNAIQTEVSAALYEASQSFFKGLVWTFVIVIAAGLALAAGCYLILSRAISLPLAEMLVHFREIASGNLTTDVRVRSRDEMGVLMEGLQQMQDKLKATVLTVRHGSESIASATQQIAAGNTNLSQRTEEQASSLEETASSMEELTSIVKQNADNARQASTLAENASGIAMQGGAVVQDVVTTMAQISESSRKITDIIAVIEGIAFQTNILALNAAVEAARAGEQGRGFAVVAGEVRTLAQRSAGAAKEIKSLIEDSATRVESGSSLVARAGKTMDEIVVAVKRVTDIMGEISAGSAEQSTGIEQINEAVTQMDDVTQQNAALVEQAAAAAQALEEQADELRRAVSVFRVAA,0
MSMSSMPLRRARLAGAALALLLLGAAASAATLTVTIEGARNRQGTVRAAVFRDAAHWLQPDRAARADVVALDSVTGDSVTFVYTDLSAGRYALSVFQDTNGDGKLDTNPAGLPIEPYGFSRDARGRFGPPAFDDAAIDVQGDQRVTIHLR,0
MDSLFSPAVCAVPRVRLMRHAGALAALAACLFVLPAQAEVTPDSAGLDLPDVKAINNQPIAKPTRGAIHHETVKPSFEYRDNDGTQIEEYRVKGQAPDIHVKSGMGTSYQMSKPEDSSPRIRERDGDNSRLPSVNILKF,0
MIRKFVFNAIAAAIVAGGTVGAHAATTLLNVSYDPTRELYKEINAEFAKKWKAETGEDVTLRASHGGSGKQARSVIDGLEADVVTLALGYDVDAIAEKGLTGKDWQTRLPHNASPYTSTIVFLVRKGNPKGIKDWSDLVKPGIAVITPNPKTSGGARWNYLAAWAYALKQPGGSEATAKAFVQKLYKNVPVLDSGARGATTTFTERGIGDVLIAWEDEALLATRVEGKDKFDVVVPSVSILAEPPVAVVDKVADKRGTRKAAEAYLKFLYSPQGQEIGAKHFYRPTDPAVARRHESEFPKVKLVTIDDTFGGWQKAQKTHFADGGQFDQLYQPGSK,0
MRASAPSNLARRRCLTGVPLLAVGLFVRPALADPAVQHASRRLLGTQVDIVAQGAMPGAAAPAIDAAFAEMARLERLMSRYRPDSQVSALARAAGRNPVPVAPELMAILKLAARLSARSGGAFDITVGAFSGWNFDPAQARIPSRAELVHEQRLVNYRDVVLDQARGRVYLRRPGMKLDLGGVAKLPILQAGLRVLRRHGVRDAMINGGGDVLVSGQLQGHDWRVGLRNPLAPDRLLGVVALSDGIVASSGDYERGFVRNGQRYHHILDPKTGLPTHGPHGVTLVARSVDDVNGLGAAIMVAGAEAGRRLLVPPAGVDALIMGPGPRPWMSPGMALRLQT,0
MRGMGWATLLAMAGALAPLMVPAPARAGSIDMPGAGGALYTVPVTSMKEMRFLRTIRQRFDFSCGSAAVATLLTYQYGYPVSEQVVFEAMYRHGNQEKIRREGFSLLDIKRYLESQGFEADGFEQPLDALKDAHLPAIVLLSENGYHHFVVVKGVQAGRVLVGDPAMGTRAIPRASFEGMWDNHLLFVIHNREERAAFNAGADWRVAPRAPLAEGPERSGLGNIVIPKHGPGDF,0
MKVSRATRIALAATAFLASTAFAQVKVGVTVSATGPGASLGIPEKNTVSLLPKEIAGKKIEYIVLDDASDTTTAVKNTRKLITEDKVDLVIGSTITPTSLAMVDVAAESETPMISLAASARIVEPMDAKRVWVFKTPQNDSHMATAIAEHMANHGVKTVALIGFADAYGDSWAQEFDKVATLRKLQLVANERFARTDTSVTGQVLKIMAAKPDAVLIAGSGTPAALPQRALKERGYKGKLYQTHGVANADFLRVCAKDCEGTFLPAGPILVAEQLPDSNPVKKPALAYKVAYEKAFGGQVSTFGGHMWDAGLLLANAMPAALKKGQPGTLAFRKGLRDALETTTNLAISHGVMNMNAKDHLGLDQRSRVMVEIQDGKWKLQN,0
MMTPRSLRLRRGALVVALALTTLLAGCNKQLFAQLTEADANDMLTVLLQAGIDAQKTSPDDGKTWSVLVDDDAFARSMEVLHAHGLPREKYANLGDIFKKDGLISTPTEERVRFIYGVSQQLSQTLSRIDGVAVASVQIVLPNNDPLASVVKPSSASVFIKYRPTANVTALLPSIKNLVVHSVEGLTYENVAVTLVPGTADDPAIVAATARRAPRGVSWVMLGSLAGVLVGLVALWSAVTRMPAVRTRLDALRERIASRMPARLKKREA,0
MKRLTALVLIPVLAGCVSAVSERVSANYTRLGAAAQEQGDWDAARRAYARATLNADEAGLPADRRAIVHYEYGRSLGATCFFEQSERELHTAYELDQRAGHPVYLSLIELARLMLDQQKFVQSTTYFERALPALDAAGAAAKAPAAYADILDEYAQALTGAERSTEASTVLERADALRGDHPGKRSITDRTPYGKFCRLI,0
MQARIKRNLVLSLAVAAASALAACGGGGGSDSGSSPSTGQVQGKAVDFYLSQANVVFTDCNNQATTTDSTGNFTFPSGCSKSAIKVSGGTDIGTGLAFGGVLLAPASDVAQGSTAVVTPFTTLLTQVGTDQSATLAAKLGVQSSNLLTQDPMLDVTMLKGAVVLQQLIEQIAKALAGLSASTGGSLTAEAAAAAAAKAVGTTVIGSSGSVDLTSTTLISNAVAAAVTNSEAALPSSVQASISAVAANVAALVTPLIASQVANVSAGLANATLGATPAATVAALQKAGALQALSDSAQSSGSSLLVSSVTAAALGNAALASSLAALGSAVALGDESAISSAAAALGNNVDGGGISSVISAVKPTDYLRIDSITMNGTAVPLSGAVTVNGSTLTEIKAGMTQVGQPFGNGASEIRAGLRYVYNGNEVIVVIEKVALTFSNNQLVAAQIPPGTAFQFVVNGTVNARVSISSTGDSLFDSGSGQLTLSIATFLNKLRSSGILSSAQIQALTPTAPGTANITLVIGSETGQPVRVRTVSGSGTRPTSVVGVDTGDSAVVGYGIQTSLTLVP,0
MKRRRILGAIAGMVGLPGAASGTSLYGTPASIGLAKSAYPSDPLRLVLDADKLPPAISGALTSFGGVWERVLTNADEKARFQRDPAAYLQANGIPESVLGARDQEIRLLLAICDERVLSASIRGDYAGFLGELSRLAVIRSGPPSILKKRVLEVLRSGGAMLRRGGVDVRTNDIQDISALAADDELKFIYSQIAPSIDQVAVAAVPVAIAAIVVTYVSVATTVTVAILAGVYISVAVATAVVASGGNTCGTSSDALFAGPVTAPISKGTSRSEAQRAVEHAFAERALLAKRMLALDPAYFASAQQAARVARLLNQDQFLLETNRQLVRDEVDAFVAAAEKIGVLTIPAATRQSVVEAMQNISLRAAALM,0
MNRLNMFLLTALVLCALSLVNAQHQARQLFVELDRAQAEEKQLNIDWSRLQYEQSSLGKSARIAEIARTQLKMAPAQAGRTQYLQGFADLPAAASAAASAPAASGVQP,0
MKPIACLFAAFAALPVLAHAQTVQMPDVLAAEHALSLGKPVTATIDLTRCTGDTATTPAGTTRGGVTVNPYRIQPDNTLSFSDTHFTVRSDGTPITQFLRYSIDTSGTARFSSYIFAMPAYTLQSQVSYTCKLGEGVKLFARF,0
MHKLPILTVLLLLTLTAITTFICLSGAVTPRDTEYGSGKAIFKHYIMQPRTLQTPRALGATS,0
MRLKKWCARIPLWVAGVVCAGGVLVGCTTSREAYSQSSGISTYGVVDVGVERTSR,0
MRRVSAISEAGRTVLVQAVTWSLAAVAASSCVGTGVAMAQISNGASAPVTAGAGAAAGGSSTPAALASPVALTEWLATAILVCMIVVLLLTLLLIVKALRRQNWNLAEALSEEAALPEGTPTPAAGQKPPLVASTSRLIALVGTVILGTFFTGIGFYVVWELFHAKSVDAASGAWTFFLSGAVLFTPYGTNKIAKIFQAN,0
MTTTPWWPLRSVVCACLLLCGRPILAQTTNEVVDDKPPSFETLQRQLAEEQARLGELKRAIQQQEARLNDMRRALGMGTLDDVRGAGAPGAGVDSGTATGTTGDAASQMAQNGQPGQPGTAPVGQPPADTGQPPRVAQIFDEPSALTPPGKVVLEPSLQMAYSSSDRVALVGYTIIPALLIGLIDVRQVKTTTLTSTLALRYGLAKRWELEARLPYVYSTSDNVSRELFTGTATDRAFSSHGHGIGDVELTARYQLNAGGIDKPFYIGWLRFKTRTGKDPFEVTTDCITRCVSNTTGTGLPLQQPTGSGFFAVQPGLTWLYPTDPAVFFGSISYLHNFERKDVSLSLVDGSKEFLGNVKAGDIIGLNFGMGLALNERAAFSIGYDQSIIGPTTQNGQRVPGSVRTILGTLLVGYSYRISPKMTLNLSVGAGLTRDTPDLTVTLRLPITF,0
MRYRDNLKRSLKQSALAAGLLMTLSCAARATPQDDLRDAVEYNRPALVQKFVAQGVDPNLNTRDGTPLLVDALKDGNTDVAEALIRAKGLDFERTNAAGENALMMAAYQGLLPLVRLMIETYEVEVNKTGWTALHYAATNGHDAIVKYLIDHAAYIDAESPNGTTPLMMAAMSGHITTVKLLLDEGADMNLRNQQKMDVIDFAKRYHQDEIAAGLESRRRKLAEPGAQPAPARSPAAPAV,0
MQRKVAGWGMGLTLVSLLATASEAAPPKVAVPAPAPAPAVVDLEAMVVRGVQPGPGLWKVSKGDHVLWILGTLSPLPKRLQWQATEVETIIGQSQQVLEAPTVQVDADMGFFGKLTLLPSAMKAMKNEDGRELRDILPADLYARWSVSKARYLGSDRGVERKRPMLAAGELYQAAIKRSGLARAPVVWPVVERAAKRAGIKPTPTALDYKIKDPRQALKEFRAGGMDDTACFRSILVTVERDLPTMVERANAWSVGDIEALRQLPREDPQAACMGAMASSGAAKKRGIGDLERRMREHWLGIATAALQRNRSTFAVLPISRLTAPDGYLARLQALGYAVEAP,0
MHLFHAFTAFTSGIDRKTKLMRQKRRTTSRAAIFTALLLSSLVAQAAPRLTDLQYIGSHNSYHAGFAPSEAALLKQLDPALFTALDYRHPALTQQLNDGVRQLELDVFADAQGGRYAHPAIVAQIAKAGLPTAPASAPTGVMDRPGFKVMHVQDLDQRSNCQPLIACLQEIRAWSKQHPDHVPIFILLETKQAPIQLAFPSVQPEPFDAKAMDALDAEVRSVFQAGEYISPDQVRGRAPTLNAAVLAHGWPSLAQARGKVVFLLDQRVAGASYLPGHPSLRGRVCFTNAVPGEDDAAFVELNDGPADDIKKLVKAGYLVRTRTDADLKEAQHNDTARRDAMLASGAQLLSTDFPINEPADNGYVVRFDGDAVARCNPQRTSAHCDGTDLHH,0
MNTTVTIVAWSFLLAGLGLLTGAALLPDQARWMLLLLGVAFGGVGGGILGYRVWHARRVAWLRRHGTVVEARFVCVERNASLQVNGMHPFRILANRHDRTHDTLAEYRSDNLWTDPQPFLREGQPLRVFVDPQRPLRYHLDLSFLPTLRS,0
MSSFLDTRISRRHLMAATGASLLTTGLPTRAMTPPPSDVGRKFLRSRRPMPFAGNTFVGHLEQQGDGYDSFDRVLNIYRQFPEQRFAHKFAVLPPSSYHVTLLGGVNEIDRARGPWPSDLPRDHALADINVAYLARLKERAAPPLGACRFLVNPTAVRTGNNDNLLIPLKPVDTQTAQRLEAARQALMQLTRLQRPDYTNFQFHISLAYLCDTLDAAEQTAYRTAVRGWLTQLAAAGPITVPRFHFCTFNDMDAFRTVLEV,0
MKFTLITASLLAMLSLTACDRPGGDASRTAPAVSPEPTAAPVSGNGATELAKGDSAVLGVLAAIDDNEIALAKQAIAQDLGGATGEFAQQMLHDHQANLEKTKSLGATESPRAQAMRAKGKAAVEALSKTLTLPDGKDAYRNAFMRNMVIDHGDTIKIIDSELLPAAESAPVKQHLEETRRVVSAHFERAHAVSSSK,0
MDAIVKKLIKTAGPALLTLSMVVVAALVLQHLWRYYMQAPWTRDAHVGADVVQVAPDVSGLVESVAVADNQPVRRGQLLFVVDRARYAIALEQARAALAERRATLTQLRREIARDRSLQDLVAAEDAEVRRSNVQKAQAAVATAQSAVDLAQLNLDRTQVRSPADGRVSDRTVRVGDYVNAGRPVVAVLDTGSFRVDGYFEETRLQGVHPGQRVDVQLMGEPVTLQGHVQSIAAGIEDRYRSGSAGALPNVTPAFDWVRLAQRIPVRIVLDRVPAHVQLIAGRTATVSILPDTANTAPATPAVAPARVQAKAAP,0
MSPFSIVLIGFAMSTDAFAAAIGKGAAMRKPQWRDALRAGLIFGCIEAITPVIGWLLGRAAASYVSAYDHWIAFVLLGALGTHMIVAGLRNGPQDAEDAASGTPKRHGLLGLATTGFATSIDAMAVGVSLAFLDVHIGVVAVVVGLCTFSMVTAGVMLGRALGNLIGKRAEILGGLILVIVGSVILYEHLGGAA,0
MNVLIAALLCALAGTAVAQDIPPGYAGQGGMTLQDIDPAIYAYHYDHGFTGEDAMGWDPSLQFAWSRLAAAKVCAQQPVTDAVIAKLVEQYGQSADVHQINGITFHEAQMRAAGTFCTPARSADATAVVPAFVAGDFSQATAYAAAATAGTLVVAAAEGHTAGAALSDTEMALAPSADWALQLPLHAQLSVGSNGQPNGDEMLRVVRRGHTGALVGVQIATNLLTLKYGGAGASIFNKSQLKGEKIKDIGNPGYVLQRDAVNTHLKRYFTGHPAAIPVEPFPLQVVMSDWLLVYQSLGDEKSPYELRYAVSIGGERSGLLKRKASPVNLNCQPTPRTASLEEWEANNYALVKQTAQAYADECAAKFAERLPQWFPDTATVAASN,0
MHPFPTRSCHRMNCKTSPLAVAVVLALSFSASTAVAQSQAPTQKTLDTLIVTGTRVADRTVAESASPIDIISPQALESTGTTELATALSRAIPSLNFPRPAISDGSDAVRPAQLRGLSPDQVLVLVNGKRYHSTALINLNDTQGRGSSPADLNTIPIAAVERIEVLRDGASAQYGSDAIAGVINIVLKGSGEGGSVNGRYGKYSAGDGEQYQLSGDAGFSFAGTGKVHLAAQAGHSDQTNRALPFQGRVEQRYGDPEIDQGAVSFNGEYSPTDYLTFYSFGMVSRREVLSNGYFRFAGDNRNRPEIYPDGFLPQIYNVSKDVSWVGGLKTSTEGGLNIDLSYNYGQNNLTFDVRNSLNNSLGLASPTDFHAGTLEVTQNVLNADFTKTLDWGLAYPVALAFGAEWRGEKFNQSPGDAASSANGGIPSANGALIPGAQVFPGFKLSDAGYYNRNSHSAYVDLEADLTEKLSAGLAGRYEKYSDFGDTATGKLSLRYALTDKVALRATASTGFRAPSLQQQNFQSIATQFLNVAQPNGGVSAIPFEIGTFRTDNPAAIALGAEPLKAEESKNYGLGVVLQPVENLYITVDAYRIDIDDRIVLSENLTSIAARNYLQANGFPGIGGGRYFTNAVDTKTQGVDGVGTYRWNLDSGSVELTTGYNYNKTEVEQIAANPPALEAIDPGAVRIGRAELGRITEGTPRDKFFLGGTWSPGNWSFTGTATRWGEFTTFGTNAGSDQTYAAKWTLDLAASYKLGSWNFTVGGDNVLNEYPDRQEAGLGTRTYLPYSSASPFGFNGALVYANVNYKW,0
MMNARISPMTLISSSLSPASAQSGLDLAAANTWLAMHPTLPLPGRGDTLARWRILADIAAADLCVAKLLEAHYDAQAICADLGSDLMQPGQCWAVWATEPPGTDMHFTGNALHGTKAWCSGAAHVTHTLVTAPHQGAPGLFAVALDQPGIRIDASAWQALGMRAIETANVTFSATPAQLVAADGGYLARPGFWHGGAGIAACWFGATAAVADVLRQSPRVRRDPHAAAHLGAIDAGLASTRALMRELAARIDAQQHLAHQREVMQLRSSVEAIARDTVDRVARALGPGPLCMQGAHAQRCADLLVFIRQHHAERDLQSLGERCHQEAAAWTL,0
MRSILITGAGSGIGAGIASQLAADGHHLLVSDVQLADAERTAEALRQAGASAEALALDVTDADSIAQALANASRAPQVLVNNAGLQHVATLEEFPMQQWALLVDVMLTGAARLSRAVLPGMRAAGYGRILNIGSIHSLVASPYKSAYVAAKHGLVGLAKVIALETADCDITVNTLCPSYVRTPLVERQIADQARTRGIAEDAVVRDVMLKPMPKGAFIEYDELAGTVAFLMSHAARNITGQAIAIDGGWTAQ,0
MRLTLSLAILLALPGVAAAEEQCKFSEPRSLDLQLTGVKSVLFEVASNDLHLDASPGGGGKLGGRACAARVELLKSLTVTQKRIGDKLVVSLNDDRRFSFGNSYSYLDLRGSVPNTMLVQFDVGSGDAQINGAAAVSADVGSGDMTIRHTKGRVTAKVGSGDVELEDLGALRVLAVGSGDLKAREVHGAAEVAKVQSGEIKLHGVAGNIKIGTIGSGDVDIRDVQGNVNVESVASGALNVRKVRGDLSVAHKGSGDIDVSEVSGSTRVPTDK,0
MRLATVFRSFVLLALTSCSSRAIAASPVDALNQARTLIVVTTADWNSTQARLHTFTRVDGKWQPAARSFTVALGRHGSAWGEGLHPAQTQGPQKREGDGRSPAGVFAIGPAFGYASKIDTAMPYQAMSATHYCMDVPSSPLYNRIVDAAQVGEAAVAGSTEPMRLDLRHPGDARYSEGFVIAHNPKAIPGRGSCIFAHLWRTPGQFTAGCTAMAAADMQRLLAWLKPEDRPLFVLLPRAEYARLHTAWQLPALTEDAP,0
MLHRPSLVLVLLLCLPLLAQAQQRPAPTASAATRTQADTNYSFVRYRADYEVRADASSVETDEYEILLKTKSAVEQFSQVRLSYSEKMETLDVLQAYTVTAEGLRQDVAADKIYTQESYSSASAAMYADRKVKVVVFPNLAPGARIVYRVRRAQNTPYFPGYFSLWETFSVFAQYDDAVITLVAPKGLPMHLSARGLQGSTKPVVRGDQARWEWRYQRTAPMKNQNWSAATWEFSPTLMASTFDSWSQMGLAYHVKGGRAAAVTPAIQALADEVTRGIDSPRAQAAALYAWVARNIRYVAVYLGNGGLEPNSAESILANHYGDCKDHTVILEALLAAKGIASTPVLIGAEGGPTLPQIPVLGRFNHAITYIPAFDLYVDSTNPYARFGQLPAGDLGAPVVHTRDGKVTQTPPNDRKVNRYVARTEYRFTPQGDLQGTTTLDSGQTGEVGLRAMFVQLNAQNRNRIEESILAQSGFDGTGDLLIQGDPLDLDAPFNYRYTFQAKDAVDFSVVGGMTLPDMPGAESTRAIYTTTSAENNLTPFYCNDSVREETYVVSFPETVPIIAIPRSSTFRNAAGEYVVEWTRQGQTVTAVHRLQRAAVRGPQALCQPQDYRAFRELYQQVRRGFRGQIVYGDLSRVQTAR,0
MPMCRTLPWMLILLFSAAPLCAAPPETLDVGQVLQRLAHPAPVSTEFVELRGSALLKTPLRVEGHYRRPDAQTLVREVSAPYHETTTLTGDEGVLEREGKSPRRFSLSRVPELAGLKSGFGALLSGDRALLEQHYRVSGQGQPQAWQLTLQPKDAAVAKQVHELRLYGGNDELRCIESVPAKGDMQRTLLAGAARAAAGVTDAAALTALCHGSGA,0
MSNVSQRRAPTRALVVLGVSALTSLLAVPAFAGQVNLSGLDSQPTLDRFIVKYKDGSSAAVSPTSMRASLNSVAGAMPARAGRALGLNHVRRTALGSEVLKTDRGLDRADAETLMRRIAADPSVDYVEVDQIMYPVLTPNDTRLSEQWGFGTSSSSINVRPAWDTATGTGVVVAVIDTGITSHPDLNANVLPGYDFISDATRARDNNGRDSNPADQGDWTTAGQCGSGTSAANSSWHGTHVAGTIAAVTNNSTGVAGTAFNARIVPIRALGACGGATSDIVDAIVWASGGTVSGVPANANPAEVINMSLGGSGSCSSSYQNAINSAVSRGTTVVVAAGNSNANVANFTPASCANVISVASITSAGARSSFSNYGTGIDISAPGSAILSTLNSGTTTPGSASYASYNGTSMAAPHVAGLVALVQSVASRPLTPAAVETLLKNTARPLPGACSGGCGAGIVNAAGAVSQTP,0
MTRFVAACIALLLSAYLSTSAHATSSLSFEESGYSILFEIGHDTRPVIASLRFNAPGDSAGIWLRGNFQVKTFDTKRRILRLIYTGDDTRVPPFTLVVLANKSTLAVNGKQINSSFSWEM,0
MTAVRPLWLLSATLLLALPMTVLHAADAPAVRLQDVDLRAFIQDVSRATGITFIVDTRVQGSVNVARAQAMSEADLLGMLLAVLRANGLIAVSSGPSTYRIIPDDTAAQQPGSAANGNLGFATQVFTLQRVDARSAAEILKPLIGRGGVIMAMPQGNSLLIADYADNLRRIRMLVAQIDTDRAAIDTVTLRNSSAQELARTLSSLFGQGGERSNVLSVLPVESSNSLIVRGDPALVQRVVRTAVDLDGRAERRGDVSVVRLQHASAEQLLPVLQQLVGQTPGNEAQAGQDTRSTAMDVAAASGAAQTQVIAPAAGKRPVIVRYPGSNALIINADPETQRALMDVIRQLDVHREQVLVEAIVVEISDTAAKRLGVQLLLAGRNGTVPLIATQYSGASPGIVPLAAAAAGTRSGNADDDSVLEQARNVAAQSLLGLSGGLIGLAGQSNDAVFGMIIDAVKSDTGSNLLSTPSIMTLDNEQARILVGQEVPITTGEVLGAANDNPFRTIQRQDVGVELEVRPQINTAGGITLAIKQEVSAIAGPVSAQSSELVFNKRQIETRVVVENGAIVALGGLLDQNDRQTVEKVPLLGDVPGLGALFRHKSRNRDKTNLMVFIRPTIIRDAADAQRMTAPRYNYLRERQLADGDPEAALDALVRDYLRAQPPQLPAGPSSVAPAPATIPAPGARPVQR,0
MTTRRIATLVSTLSLLLCTAAQAQQAPTPASSMPLIDMPSAIRTQPLSSGEVTHQTELERPRGQSSVIVRSIQPSSVVGSYRIDFEAMDTDGDGRISRAEAQANPALADEFDALDTRHSGYLTREQLAGWLIR,0
MRSISILSLAAVSALAIAPSAFAQDTTYTGDASSTSSSTMSSNGDTASGKHWAVVGGVALLNPKNNPAPGLDVDGGPAPTLSASYYINDNWAVELWGAADKLNHRVNADGVGKVGTVDQQPIAISGQYHFGEADNVFRPFVGVGYYESNFSNEKIDAASASGDHVGLSTAKGLIGTAGVDMNINSTWFARADARYMRSRPELRVAGQGTGSELKLDPWTVGFGIGARF,0
MSLSSVLPRRAVLAVGVSLCVTHLAHAEAATDLDQIVVTASRTAQTQDQTLAPVTVIDRAQIERRQVNSLQDLLRGEAGVSLANNGGPGKATSLFLRGTEADQVVVLIDGVRIGSATAGGAALQDLPIEQIERIEIVRGPFSSLYGSEALGGVIQIFTRRPQGSFVPTLSVATGSDNARRYGAGVAGRSAGDLSESGGWYSVNAVHDETDGINAYLDTSSSAYDPDRDGYRNDSSSAQGGWRFNRQWDADVHALRAQSRNEYDGSALGGNLSKGVQQAIGGRLRYAPSDALKLTASVGSSADLSDAYYEGAYLSTYDTRRKQGALQADLDTGPGLLTVGFDWQRDAIASSDTYDANSRIDRAAFAQWQQTLGSQSLQASLRRNDNSQFGGKTTGSLLWGWDFAEHLRVTASYGTAFKAPTFNELYYPDYGNPLLGPETSRSAELGLRGRYDWGNWTLSAFQTRIDDLIAYDASLVDATHPFGQPNNIDRARIRGVEAGYDTALAGWTLRTALTWLAPQADGDANHGNWLPRRARQSGRIDADRSIGAFGVGASLFGSGARYDDLANTQRLAGDGVLDLRASYALNADWKVQLTANNVFDRQYETARWYAQPGRNYLLTLRYEPAQ,0
MRDAIAHRGVVTDATRGSAPRRLLAICGLMLMLAGCGAGNSSAPSSAQAQETDTIGLSLFGLNYTDVPIGIFYVNGTWGGAVTPYAAGLKTAGSIGLPDKWHPGIKVKVQWRDDLLYDQDKDALTTAEVEVPRYGKIYSGYLLVAFLPGRKVKVYASGVGPGHKDAPDGLENPGEFCQRQPGCPQWYRSDKPPREGHY,0
MTYAPRFATVLIGLLCLGSTALHAQTLDPQLTAMRDAIAAAERGQTDPGQLAALSRHPLYGWLEFATLKRSIDTVSNAQAQGFLQRYAGQPVAESFRSIWLPAVARRQDWNTLLANWKSTDNVGLRCAQLTARLATGKADAQWSRDALTLWRNGKALPDACDAVVAGLESRGELTPALRWDRVEAAADAQLPAVMRTAARGLPAADLALATDYAAFLDKVHPRALSWPKSERSRRIAVDGLAKLAKSDPDAAEQQLPQLASALGFSEAQRGQVLYQIALWTVASYLPDSARRLNAVPDASYDERLHEWRAREAMSRGDWPAALAAIRKMPASQRNDSRWQYFEARLAEKTGAAAAAQPLYRAAAQSPTFHGFLAADRLQQPYRLCPWEPKYSPQAKSAVARDPALIRAIALFQIDRPGWAAAEWNDAATSFDDTQRRLAVEVASDNGWFDRAVFALGKQSDEQRLYSLRFPLHYEDTIRREAAKNAIDPAWVAGEIRAESIFNPRARSPANAMGLMQVLPGTGAAVAKGIALPGYAGATSLYEPNTNIAIGTAYLRQLLNTYVLPYLTIAAYNAGPDPTGRWQSQRPNFDPDFWIETISYKETRDYVARVLAFSVIYDWRLNGDMLPLSDRLMGKLVDKRLKPVCTPGQAANNAAQD,0
MRRTYLKVVWMMALLLLPASLLAQELAAIPPLRSPVVDVTGTLDAGQIQQLEQQALALQQRKGAQLQILIVPTTQPEAIEQYTQRVFDQWKIGRKGVDDGVLLLVAKDDRRVRIQPGYGLEGAIADITANRIIQEYLAPRFREGDYAGGISAATATLAGLIEGEALPPPVSGHADGGNGAGGGGWIMALLIGFVVAMVARGILGALPRPLRALLTGVAAGGAALLSTSLLFASAGAAVIGLLAGLASGSPGRFVGGGGWGGGGFGGGFGGFGGGGRGGFGGGGGWGGGGGSSGGGGASGSW,0
MNATSFNRLRGTRAVRTSVLACMTAIPCIAHAQTDLTGSSRLLGDRTEITAGAAAVATPDYAGAERARVQFNPVLVVQRGVLFFDTARGAGLQFQSNSGFYISQSLYYDLGRLQSDSNWRPGSRLLAGMGDVPGSVTARTLVMQQVTPYVNVNAEAECALRDAARRNRYRAGVEFTLLHRASDTVTLDLDVHGGDHRFNQASFGVTDAQAERTRFAAFNAGSGVYAAAVGGSWTHSVGDHWATTLGVTGTRYLDNAEDSPLVARRAVVGGTFALTYSR,0
MHRHARNGMTLLARAQTVAVIGAGLAGLACAQQLQAAGYAVTLFDQADAPGGRMRHCAGQEWQCDYGAQYFTARDPAFAAVVDAWIDAGVAAPWQARIASWDGAQISRSQNALTRYVGVPDMAAPARWLAANLDVHLCTEACALQLGGQGWSVSFAQDAATHMFDAVLLAVPAPDAVALVAQIAPAFASIAQQAHMHPAWAVMAHFDGPIDPGYDALFVNAGPLRWVARNASKPARAGVETWLLHATAEWSQTHGDATPANVIASLLPEFAALGLPMPQSCDAFFWTVASSAPALQIGCAWDAQLGLGMCGDWMAGGKVEGAWQSGVALARCVSAGDVPRSGCN,0
MSLLPRVCGATVALAILILLLPPTVRDAQAQSSDATQLFAQQGFAKASGQDVYQAICQGCHMPAGQGAQGAGDYPALAGNPKLAAGPYVTMMVLDGHAGMPGFGDMLDDRQVAEVVSYVRTHFGNDHAEPVTIDDVKSLRH,0
MYRLAIAALLGAISLTACAQSSQPAASTAGAKPATAPAATGNVDQRVSTALKALDPDFKPDYIGAAPFPGFREVVVGGQVLYVSDDGRYLIQAQPFDIQNKQFAASPGLLAYRRKQLDTVPKADRIVFAPANPKYTVTVFTDVECGYCRKLHSEIGELNKQGIAVEYLAFPRMGLGSQDHKEMIAVWCAADRKQALTAAKSGQPVASKDCKNPVSMEYTLGQRLGVNGTPAIFAPDGTQLGGYLSPAQLREALEKRAVATAGGSR,0
MKRQRGYTLIEVIVAFALLALALSLLLGSLSGAARQVRAADESTRATLHAQSLLAVQGIEKPLEPAQQQGTFENGHFRWSMDVRPYDEPRRNPQAPISPGAHRLLQLTLVVRWGEQPNQMLQWRTLRLVAASAQGNPS,0
MLRTTLAPLVLALTFALPVTAAAADTERWPDFGTQGTQFVRDGKPYQLLSGAIHFQRIPRAYWKDRLQKARALGLNTVETYVFWNLVEPQQGQFDFSGNNDVAAFVQEAAAQGLNVILRPGPYACAEWEAGGYPAWLFGQGNIRVRSRDPRFLAASQAYLDAVAKQVQPLLNHNGGPIIAVQVENEYGSYADDHAYMADNRAMYVKAGFDKALLFTSDGAEMLANGTLPDTLAVVNFAPGEAKSAFDKLIAFRPDQPRMVGEYWAGWFDHWGKPHAATDATQQAEEFEWILRQGHSANLYMFIGGTSFGFMNGANFQNNPSDHYAPQTTSYDYDAIVDEAGRPTAKFALMRDAIARVTGVQPPALPAPIATTTLPDTPLRESASLWDNLPAPIAIDTPQPMEHFGQDYGYILYRTTVTGPRKGPLYLGDVRDVAHVYLDQTPVGSVERRLQQVSTTVDIPAGHHTLDVLVENSGRINYGTRMADGRAGLVDPVLLGNQQLTGWQAFPLPMRTPDSIRGWTRKAVQGPAFHRGTVRIGTPADTYLDMRAFGKGFAWANGVNLGRHWNIGPQTALYFPAPFQRRGDNTVVVFDLDDVATPSVRGLKQQVWLKPKE,0
MKAKLLTVFAVLALTACATTTSPTGRRQVVGGVSQQQLDQLGAQSFAQTKAKEKVSTDVRQNAYVQCVVNSLVAQLPPQWRETKWETALFVDDEANAFALPGGKVGVNTGIFTVAKTQDQLAAVLGHEIGHVISRHHEERITRQLGAQTGLGIIGALAGAAYGDGAASAVNQVGGMTAQTVFLLPGSRAQESEADVVGQRLMAQAGFDPAQAVTLWQNMMAVSGNRQPQWLSTHPDPANRIRELQADVGLVEPVYQQAKQAGRVPRCG,0
MHRSLLARPHPRRRLRSALLALACGTGATHAATPPPYLDTARSFEQRAADLVSRMTLEEKAAQMQNAAPAIPRLQVPAYDWWNEALHGVARAGGATVFPQAIGMAATFDLPLMHEVATAISDEARAKHHQFLRQNQHARYQGLTFWSPNINIFRDPRWGRGQETYGEDPFLTARMGVTFVQGLQGEGAAAPKNAQGEPYRKLDATAKHFAVHSGPEAERHHFDARPSQRDLYETYLPAFEALVKDGKVDAVMGAYNRVYGESASASKFLLQDVLRQQWGFKGYVVSDCWAIVDVWKHHKIVATREQAAALAVTHGTELECGEEYSTLPAAVHQGLIDEAQIDTALQTLMTARMRLGMFDPPGQLPWSKIPASVNQSPAHDALARRTARESLVLLKNDGLLPLSRATLKRIAVIGPTADDTMALLGNYYGTPAAPVTVLQGIRAAAPNAQVLYARGADLVEGRNDPAATPLIEPHYLRPSANSPERGLRGEYFRNRDLSGKPALVRVDAQIGFTWDSGSPTDNLLARGEAGPSEAVPADNFSIRWSGQLVPPTTGTYHLEAAADDGVRLYLDGKPVIDRWSTSDRLHADGVDVQLQAGRSYDLRLDYFEGERDAAVRLAWRQPGAKPPLQEALDVARSADVVVFVGGLTGDVEGEEMKVNYPGFAGGDRTDLRLPKPQRELLEALQATGKPVVAVLTAGSALAIDWAQQHVPAILLAWYPGQRGGTAVADTLFGDANPGGRLPVTFYKESETLPAFDDYTMHGRTYRYFGGTPLYPFGHGLSYTQFAYSDLRLDRSTLTADGALTATVAVKNTGQRAGDEVVQLYLHPLKPQRERAGKELRGFQRLALQPGEQRELRFTINATDALRIYDAQRKAYTVDPGAYEVQIGASSADIRARQRFTVTDK,0
MKPRILICLAALLPGTVWLTGCASIGDQIKDEFSSYAEPKEGELAHIRLIGSRQVKVYPNSTCVNPGAPGSGYPNGWQMYGQRKRDLGMPKLPQTPRHYIEIAARAAQPITAAFSFQTSLFPQKTPWSSGGNVINVNLCNIAYSFVPVAGAHYEVVARENRRVCSVDLTQLTPAADGTWHAVHVPGREVGHCGTSPAAAGH,0
MRIALPPVLIALSLFTGLATRAHAHDSSSCNLPNDATLLSISTEGESKRTPDTANLSASVFTKDPSSNAAMSQNAERMSRVMAGIKAAGIPNNDVQTSSISLYPQYVYQEKLGQKLTGYQASNTINIKVRDLTKLGKIIDILTTNGVSQLNGPSFEIDQIESAYDEARLSALQKAQAQAKSYADRLGLKVRRVIDISESRGGDSRPMKVMFTRAMKDNTETPISLGENSIGVSLNIKFELGK,0
MAMTPRIALLSLLLSGSVPLAYATATPPKPDKETTTPATTLTALPANTQIRQSIRIGNRTLGNRTLSYKAIIGALPVQDDKGKTIGEVMFTAYIMKGNNRPVTFALNGGPGASSVYLNMGAIGPKVVHFGTQGTSPSDPAILHDNPGTWLDFTDLVFIDPIGTGFSRARIEGEEAKKQFFNPKADVDYLSRTIYDWLVANGRLLSRKYLVGESYGGFRAPRIAHTLQTQMGIALNGLVLVSPYLNPTLDDNSDVSPLAWIMTLPSIAAAHLERQHQLSEAKMREVIEYTRGDYASTLMKGRSDPAATETMLQQVIHLTGLDPTYVRRAGGRLETQAYLREVFRDTGELGSRYDINVTALDPFPYDSEQRTNDPLLDSIIAPTTTAMVDFVTRTVGWKVHERYQALNYDVNRQWDWNEELRKGSVTQLRQSVAIDPKLRVLIAHGWNDLSCPFMASVLTIDQIPKMGSDPTRIQVREYPGGHMFYNRPDSQSSFRQDVQAMYEHPQDTP,0
