name,sequence,prob
A0FKE4,MQIQANTVGTQAVAHHSDAPTGVGRMGQLEARQVATGQDAILLGNRSEPQKGQGLLSRLGAQLARPFVAIKEWIGNLLGSGKSAAAPKTQVAENLSMADQ,0.993177646375118
A1JQ83,MPNIMAPSTVTTPRPLNSASPKFSSGNGSALASSLTGVTSAHAKPCPISSNEGVDSQRTISFSSNSADGTTPLADVNTAKHIASFLKDLGKDASNINMLK,0.992102005364695
A1JU65,MDSIHGHYHIQLSNYSAGENLQSATPPEGVIGAHRVKVETALSHSNRQKKLSATIKHNQSSRSMLDRKLTSDGKVNQRSSFTFSMIMYRMIHFVLSTRVP,0.992917942317266
A1JU78,MSRIITAPHIGIEKLSAISLEELSCGLPERYALPPDGHPVEPHLERLYPTAQSKRSLWDFASPGYTFHGLHRAQDYRRELDTLQSLLTTSQSSELQAAAA,0.671354020954615
A1JUA6,MNLSLSDLHRQVSRLVQQESGDCTGKLRGNVAANKETTFQGLTIASGARESEKVFAQTVLSHVANIVLTQEDTAKLLQSTVKHNLNNYELRSVGNGNSVL,0.758371155858932
A1JUA9,MKISSFISTSLPLPTSVSGSSSVGEMSGRSVSQQKSEQYANNLAGRTESPQGSSLASRITEKLSSMAHSAIEFIKRMFSEGSHKPVVTPAPTPAQMPSPT,0.962315986699993
A1JUC4,MKIMGTMSPSISLAKAHERISKHWQNPVGELNIEGKRYRIIDNQVLRLNPHSGFSLFREGVGKIFSGKMFSFSIARNLTDTLHAAQKTTSQELRSDIPNA,0.941828667960017
A1KWP2,MNIQPIVQSGITTQNNQHHHTEQTSPTQIPQSELPHGCETGFVVNIPEDIQQHIPECGETTALLGLIRDKGLLSGLDAYLAPHLEEGSAGKKALDMFGLF,0.995149724370587
A1KWP5,MFGLFNVTQMALEITSTVPGISGKYGVQLNIVKPDIHPTSGNYFLQIFPLHDEIGINFKDLPGPLKNALSNSNIPTTVSTAASTIASATTSTVTTASKDL,0.922657044749218
A2A0W7,MINNVSSLFPTVNRNITAVYKKSSFSVSPQKITLNPVKISSPFSPSSSSISATTLFRAPNAHSASFHRQSTAESSLHQQLPNVRQRLIQHLAEHGIKPAR,0.989690241211761
A2I8A1,MWNNINPYGRLPVNSRGADETPPAADPHPQGTAGGTPPLRDDPGAAPYPEDEVLTEWFCDWATVGRTRQQVASDYGWALRRFSGFLSLNGLPALSAPGRL,0.994010829583325
A2S1Q0,MSSGVQGGPAANANAYQTHPLRDAASALGTLSPQAYVDVVSAAQRNFLERMSQLASEQCDAQPAAHDARLDDRPALRAPQERDAPPLGASDTGSRASGAA,0.977904059531638
A2S1Q1,MSIGVQSSGINISHAELSRLVDAGKSEQGDKAVRDDGRALARADAALAAVVGERVAARRDAVAGSGAQRVELARPKPDAQTRATDRRTVSGLEREHKRLA,0.987329244832882
A2S1Q3,MNMHVDMGRALTVRDWPALEALAKTMPADAGARAMTDDDLRAAGVDRRVPEQKLGAAIDEFASLRLPDRIDGRFVDGRRANLTVFDDARVAVRGHARAQR,0.49043834764255
A2S1Q9,MINVGAFVASARSGARVVVGGDARGPVVSAARLGMKERLFAFLAHVPLLKHCDAVRRYAEQVRMENRRSLEVFVLALSKRYGPEGAKAAFDYGARRDGAP,0.382127260199611
A3KTX8,MRIDGHRQVVSNATAQPGPLLRPADMQARALQDLFDAQGVGVPVEHALRMQAVARQTNTVFGIRPVERIVTTLIEEGFPTKGFSVKGKSSNWGPQAGFIC,0.990247175902115
A3MCH6,MNPISNERSVSPLGNIGEVAGLTPVTQPRSETRLDAATAQASGPARKSGVSLNAPLAVSNGQLGAEQFAQVNKLISTVKGSVMATLPHVSALVTAAFTSP,0.995582724128959
A3NLC8,MTYNPRIGGFTHVKQASFDVHVKRGEAQPRTSFAQQIKRIFSKIGETLGQLFRHRAPDSAPGRVRLQGVRYVGSYRPTGDAKQAIRHFVDEAVKQVAHAR,0.989133818175967
A4PHQ3,MPIGNLGHNPNVSASIPPAPPLPSQTDGARGSQGQPISSSGALGSRLLFTPIRQSVADGVDARSSDVPGLPVNPLRIAASEITLNDGFEVLHDRGALDTL,0.993624963213134
A4SUE7,MSTIQINSQHRGNLDLSDIQNIKANAKEGDVVKFGSVFGKEYSVTKNSDGDVTLKQKKNHSFFNHFFSKTDSSKNGDLKLNQMNQQLHKKEGSGNVKVLT,0.987232043315944
A6M3U5,MFINPRNVSNTFLQEPLRHSSNLTEMPVEAENVKSKTEYYNAWSEWERNAPPGNGEQREMAVSRLRDCLDRQAHELELNNLGLSSLPELPPHLESLVASC,0.963902270870948
A6M3V0,MFIKDTYNMRALCTALEQSAPDTIINTSKEENNSYYCATAHLLRTDVCSLVNRVGIEPLKSGSILSTLEELWQAVGIVYRLYEWQHVSDIDTNFKKLPNN,0.812776755106282
A9MG90,MPITIGNGYLKSEIFINAPSKTREPWWKALWEALKDLFFSTGRAKADSYIHEMFFSDPPPTRERLADIFFELKGLACPSHKERFQVYNPHEDDSTIIYHI,0.962102110925869
A9N5C6,MNICVNSLYRLSTPQFHSLYSEDVSDEALALLIGEVENGNQNCIDLLCNLALRNDDLGHKVEKLLFDLFSGKRSGSPDIDKKINQACLVLHQIANNDITK,0.949922543768384
A9R9H4,MIRAYEQNPQHFIEDLENVRVEQLTGHGSSVLEELVQLVKDKNIDISIKYDPRKDSEVFANRVITDDIELLRKILAYFLPEDAILKGGHYDNQLQNGIKR,0.985649305220501
A9R9L1,MIGPISQINISGGLSEKETSSLISNEELKNIITQLETDISDGSWFHKNYSRMDVEVMPALVIQANNKYPEMNLNLVTSPLDLSIEIKNVIENGVRSSRFI,0.992059646328705
A9ZNE5,MLSPSSVNLGCSWNSLTRNLTSPDSRILSSVRDAAASSDNGAQVKVGNRTYRVVVTDNKFCVTRESHSGCFTNLLHRLGWPKGEISRKIEVMLNSSPVNR,0.954600574105814
A9ZNF2,MPIIKNCLSSISNILRNEKTSYSLIKTEQTGKLLNRKITTTPTPAKLLSYRNADLIKENYITEKVLSIFNIKRDFVAVRIQSNQFTDLKNKTIQGHKDTV,0.77780236343497
A9ZNG5,MLSPIRTTFHNSANIVQSSPCQTVSFAGKEYELKVIDEKTPILFQWFEPNPERYKKDEVPIVNTKQHPYLDNVTNAARIESDRMIGIFVDGDFSVNQKTA,0.971092576861413
B5YX61,MINGLNNDSASLVLDAAMKVNSGFKKSWDEMSCAEKLFKVLSFGLWNPTYSRSERQSFQELLTVLEPVYPLPNELGRVSARFSDGSSLRISVTNSELVEA,0.962100846193384
B0B8P9,MLRSGVSFSSSKTNYLLTRELSRKVGLTVYQGVDEHSSRPVVIKTLVSPGIHDRRFLRAFEEEARIMQLVTHPAFVRLEDRGECEQGRYLVSEYILGSSL,0.69768518079081
B0B9J7,MTASGGAGGLGSTQTVDVARAQAAAATQDAQEVIGSQEASEASMLKECEDLINPAAATRIKKKEEKFESLEARRKPTADKAEKKSESTEEKGDTPLEDRF,0.896260301624338
B2KAE2,MTVTLNRGSITSLMSSSQAVSTLQPVASELKTQLENKLKSESAEKTREVLWQQYYASNPPDHAVLEVLAMPVREALLARFGQHQGSVVPAIDLPELRSVL,0.869113627019584
B2SVR3,MNSLNTQFGGSTSNLQVGPSQDTTFGSNQGGNQGISEKQLDQLLCQLISALLQSSKNAEEGKGQGGDNGGGQGGNSQQAGQQNGPSPFTQMLMHIVGEIL,0.969672607221991
B2TSV7,MKIPEAVNHINVQNNIDLVDGKTNPNKATKALQKNILRVTNSSSSGISEKHLDHCANTVKNFLRKSIAAQSYSKMFSQGTSFKSLNLSIEAPSGARSSFR,0.992839506023684
B2TT54,MLPINNNFSLPQNSFYNTISGTYADYFSAWDKWEKQALPGEERDEAVSRLKECLINNSDELRLDRLNLSSLPDNLPAQITLLNVSYNQLTNLPELPVTLK,0.989328491651343
B3A274,MLNVNNDTLSVTSGVNTASGTSGITQSETGLSLDLQLVKSMNSSAGWTESSPLPTPPAGHSLVTPSAAEDVLSKLFGGISGEVTSRTEEAEPQRTSYPYL,0.987409284901991
B3BD94,MNTIDNTQVTMVNSASESTTGASSAVAASALSIDSSLLTDGKVDICKLMLEIQKLLGKMVTLLQDYQQKQLAQSYQIQQAVFESQNKAIEEKKAAATAAL,0.895398427967753
B3Y1A0,MPANISGTPFNSFGISFIQKQSCWRKSDDILRCSMGQRTIKLSTNTLNNRILTSVARQSTKDINAWKRDERTVYPSRVINQGIDKYCAENSRNISSEVRQ,0.993241001628126
B3Y1M9,MINPVTNTQGVSPINTKYAEHVVKNIYPKIKHDYFNESPNIYDKKYISGITRGVAELKQEEFVNEKARRFSYMKTMYSVCPEAFEPISRNEASTPEGSWL,0.994323234618198
B4SX34,MKISSGAINFSTIPNQVKKLITSIREHTKNGLTSKITSVKNTHTSLNEKFKTGKDSPIEFALPQKIKDFFQPKDKNTLNKTLITVKNIKDTNNAGKKNIS,0.982442129481479
B5R199,MPFHIGSGCLPATISNRRIYRIAWSDTPPEMSSWEKMKEFFCSTHQTEALECIWTICHPPAGTTREDVVSRFELLRTLAYAGWEESIHSGQHGENYFCIL,0.937244131168155
B5R8S6,MTKITLFPHNFRIQKQETTPLKEKSTEKNSLAKSILAVKNHFIKLNSKLSERFISHKNTESSATHFHRGSASEGRAVLTNKVVKNFMLQTLHDIDIRGSA,0.777093081214718
B7UM94,MDTSTTASVASANASTSTSMAYDLGSMSKDDVIDLFNKLGVFQAAILMFAYMYQAQSDLSIAKFADMNEASKESTTAQKMANLVDAKIADVQSSSDKNAK,0.390662323193584
B7VBG9,MIDTQYSLAATQAAIPSEPIAPGAAGRSVGTPQAAADLPQVPAARADRVELNAPRQVLDPVRMEAAGSELDSSVELLLILFRIAQKARELGVLQRDNENQ,0.971132342981856
B7VBH9,MDILQSSSAAPLAPREAANAPAQQAGGSFQGERVHYVSVSQSLADAAEELTFAFSERAEKSLAKRRLSDAHARLSEVQAMLQEYWKRIPDLESQQKLEAL,0.978295055143361
B8ZY94,MFSPTAMVGRALAQAVTQTLRPAVTKAATQAGMGANGMRFAAMQSNLMINHGKLTNQLLQAVAKQTGSSDTQQWFKQEQITFLSRTVNKTVDDYCMSNNS,0.10298754198659
B8ZY96,MRYIGRCMMSSSLSGITFATSLTSNQASWSKLTRTLHISNDDTVDELQLKARMQQRHHRVFPDIDDYSVINFRGKEYAVRFIKENDNYVYKVHKITQESG,0.505657221092029
C0SPP7,MRRIGKIGSQVGNFLKGNSRSSGSSRGRTQEWDEGSSRRPARSPSPEFSNLRSRSSSAASSVASSPAVSRSSSATNSPVRSRPISTVASPTRFDANGRVT,0.975466785260359
C0SPP9,MDHPLPGRTWYETGHTTASPADRTSTASAAQVASSSRSAGPATAARPQPTHTSAGQQATVDRLRTQVTGFLSGALGKLQALSAQNMDPELAQFRVLDVDR,0.992524304271878
C0SPQ0,MRVLSRFSFTAQPRADSAEPKKAPVAGSRGAAARPAALEKLTAFSRSNAAKQANSFVRSPLPLRGDRYSSEPGVLPSAGQFDAHIWDELPTQMAQCAVAR,0.757904693581564
C0SPQ1,MPPVLPSILRCFRPAVSRPEAETAAPSSSQEHDRPGSPERSPRRAPAALQGLTPRAESSRRQAAPEAPAGPARFLTDGERQFGGYLMARDVDQRPVHGEP,0.972579544837846
C0SPQ3,MKGILGAGAMAYTYDTIANHFFLSTTALHDSKYGFTSDERLDKARPEAEENYQIYQSRTPVEQRAHNKSVNPFRLCGENHFVTMTDYRVATRVYLSRLVD,0.244196740766568
C0SPQ6,MSIQIDRPNNHFQTPSTWNHDAGSSIDTSQLQRAVQLLDQVLQQLEARKLFGNMLNQPGADNAGQNHAGGHGGGHHGGSNGFGENGRFGSPHANSPAQPD,0.993644575490372
C4PL85,MNTEQLGSGTPSGTSDSETSEPASPAATQWGEALTDALASAGEASSSQLEVLSTWAAEGGQGQHEDRREAVSRTRAWQDRGDVNEALDLSSLSLTGLPAS,0.981947027842462
C6V2C9,MKIPSLQSNFNFSAPAGYSAPIAPNRAENAYADYVLDIGKRIPLSAADLSNVYESVIRAVHDSRSRLIDQHTVDMIGNTVLDALSRSQTFRDAVSYGIHN,0.98879369570571
C8BNV1,MVNSSAAHAITQKLNAEGKYADVRALLAHETGTDVRGYLMRDQDNHYHQVQQSAALISTLKSSMPMKWRPDPAGRGHQAESTGIYTDRRNRQFTLHGRTV,0.803867908655398
C8BNW8,MSPLGIGSSKQIGRVQTPEHDNIELAKVQGVKTSSRGPVDPHQVPGDLQQTRNRAPFRMSSQLARDATKLAKGKQKMSADQLRHRMQVEGRYLAERMAHA,0.988828352490478
C8BNX0,MNDVGAESKQPLLDIALKGLKRTLPQLEQMDGNSLRENFQEMASGNGPLRSLMTNLQNLNKIPEAKQLNDYVTTLTNIQVGVARFSQWGTCGGEVERWVD,0.980648561406635
C8TNS7,MDAANLSPSGGVLPLAATINGNVSVDENTGVMTPENGVSRNIRIAAGIALATTALAALGTGIAMACTTDASSQEFLGLGIATGVLGGVTALGGGLAMKYA,0.961877189700966
D0ZDK9,MTTIDSGSHGVNGITPPDGHRYVSQDRGGDAIGQLNELMVQLGELFGKLRDVLRQYQQTQQSNAFKMQKTAYDTRVDAIDKDFQAKQAQAIAQILGGIAQ,0.985856517023407
D0ZDL0,MNNITETRYTTPPLGGSGQNDSVQSQHDHPQIGAGALDPLRPPPQRQQDHDPKREFHRPPAPRQPVTLRLAEGALNRILDIFGPRVDGKPLTVSDIERTP,0.991787105045501
D0ZI38,MPISICKHGAPFVVQHENRYGSGASQSSSLSKSIRHISNSHEEIKFISCYSANGACFSNAQMLANASGRPVIGYYGKINKLTASLDNSGRIFRPQHKLAA,0.989159440272011
D0ZIB5,MPFTFQIGNHSCQISERYLRDIIDNKREHVFSTCEKFIDFFRNIFTRRSLISDYREIYNLLCQKKEHPDIKGPFSPGPFSKRDEDCTRWRPLLGYIKLID,0.989222626737912
D0ZWT0,MKIHIPSAASNIVDGNSPPSDIQAKEVSFPPPEIPAPGTPAAPVLLTPEQIRQQRDYAIHFMQYTIRALGATVVFGLSVAAAVISGGAGLPIAILAGAAL,0.983800851320577
D0ZXR5,MPYTSVSTYARALSGNKLPHVAAGDYENKLSTKIMKGILYVLTAGLAYGFTRVIEHYCNVTPKVAEFCANAGNIHNHLADAVRDGLFTIDVELSDGRMLT,0.229937650446568
D2AJ46,MNLDGVRPYCRIVNKKNESISDIAFAHIIKRVKNSSCTHPKAALVFLGEKGFCDSNDVLSIMGQQIPRVFKNKMLYDYVFKNEKSKNDFLKMAESWLPQS,0.977627184673833
D2AJ54,MPLNKTFSSSIFSTKNSLSTDMSVNRDNRTITSSIMRVSNSSELIQFKNKTAPYFSEKRNVEVNINGVAKDIYGRQIVCRHLASYWEMNFMETNGKVNYQ,0.971086255945168
D2AJ70,MSINNYGLHPANNKNMHLIIGSNTANENKGMKNNIINVTNTAISHAINEEKSGGGYSGVSFRKLAKIQNISIPTKNNKEYNRHNLFSLIWHGNADAARKY,0.991499467349969
D2AJE7,MDYHHFAFPDEIKNYVSVSEEEKAINVPAIIYFVENGSWGDIIFYIFNEMIFHSEKSRALEISTSNHNMALGLKIKETKNGGDFVIQLYDPNHTATHLRA,0.992580130108215
D2AJI2,MHNVNNTQAPTFLYKATSPSSTEYSELKSKISDIHSSQTSLKTPASVSEKENFATSFNQKCLDFLFSSSGKEDVLRSIYSNSMNAYAKSEILEFSNVLYS,0.993967357288035
D2AJU3,MKITSTIIQTPFPFENNNSHAGIVTEPILGKLIGQGSTAEIFEDVNDSSALYKKYDLIGNQYNEILEMAWQESELFNAFYGDEASVVIQYGGDVYLRMLR,0.967861345790093
D2TI15,MPGTISSSGFGFSIAKQPHSSGQKTVIDGFFLGTRKISFSYLRLESELMQCINLKNEGKMNEWMREECICFVSRDVNKQLDIFAKNNQTTIPGCVRERVF,0.990875562033631
D2TJZ3,MFSIKGYLPISASVSVPAENHSNTLGILGKRTIETTPEKKGLLVFLGEKSVGQQTLNIIGQNICRAITGKPLYDLLFLKKDTRDDFQEKKMEYIYPDINK,0.916720229296489
D2TK72,MQPVGLSNTPASSLLNETAELRHQTTPRQLGGIRIVGEIVDISYEPNDVVFFGVGRGVMIGDILFPGSSADIMRELLMAHSGVRGILQQQENAPSSLQTR,0.992294706111642
D2TKG4,MESKNSDYVIPDSVKNYNGEPLYILVSLWCKLQEKWISRNDIAEAFGINLRRASFIITYISRRKEKISFRVRYVSYGNLHYKRLEIFIYNVNLEAAPTES,0.992942584667213
D2TKG5,MKDGIYSITFISNEDSCGEGILIKNGNLITGGDISSVYQGGLTEEEDIIFHVHRYNHEIPSVLSIEQDYQLVIPKKILSNDNNVTLHCHVRGNEKLFVDV,0.988199292335625
D2TKH5,MRRLFIMNMETNSPTTSPYIQLIEQIAVLQQEAKRLREQEIQTVIESIQKQITYYNITLQELGYTNIPDGALARRSSSKGVYYRNEDGQTWSGVGRQPRW,0.741219876325816
D2TML3,MRPTSLNLTLPSLPLPSSSNSISATDIQSLVKMSGVRWVKNNQQLCFHGTDLKIYQHLEAALDKIESTDTGRTLLNCIELTSRLKSEKLAIHLDSAELGV,0.681798971394768
D2TRA0,MSQTQTEAEIFTLKYPFTTAAGNSIAQLTLNRLTVKDLKQIKKTHKNPTDWDEPLISRSTGLLPEDLDNMDLADYLELQDRFQKITGLGKKHDSADKGAG,0.779754575649657
D2TTX7,MLPTTNIPVNSGIISFEGPVGSPSNEDIKVALEKWCAEGDFREHRHEVASKILDVISTHGETLSISEPITTLPDLLPGSLKELVLNGCTDLKSISYLPPG,0.986781089973801
D2TZ31,MPNPSCISKASLTANFSQPIDPTNYPEDTSNVYVSKILKVSNSNKDSIAGIVYPKQPNIVVNHRIDSNIDKSDTVSLSERIYEAKIKMPDQKTAIVMSFD,0.992850414529184
D2TZ32,MKMEINNPVLNKASFFYKNDDNGDNTNSHYSQASHSKTVIANQDVELNQLEYLRNRNEDLVRKNKKLIQAMETPAGSEKANQQAEKINNNERLLSFADAL,0.990627326844173
D2TZ34,MGEIDTLNIRKNFSNNFNNENVSDDHFNEIASVIKNKITISPKERTQLNNKAKLELILKSDPNNEVSNSLIDMPQIRKPNSSLSGKGNLLFILAEMQKIT,0.993301853484866
D2TZV2,MVVNHHHQLLDIMDDMSMAMSQFNRRQDLQKKQQDSSEINSRILEDNADRKLAAAIKLLNNQNNKLADILALLRQFFPDDSDFVSVLKELLRRRYFSASL,0.934812335674612
D4HVP7,MKLSGLSSGQKSPAQQTDQASSSSTRPSPPPAGRRLQRQDALPTNIRYHAIQVPGTPDRARVATRNASEASSSAAPASEHAGPSMALSRQFGNRESPALA,0.945009874832861
D4HVQ0,MELKSLGTEHKAAVHTAAHNPVGHGVALQQGSSSSSPQNAAASLAAEGKNRGKMPRIHQPSTAADGISAAHQQKKSFSLRGCLGTKKFSRSAPQGQPGTT,0.949239938322147
D4HWC7,MIIQNRVSGSPAAYLPPVTTQPMQGASAGASATSAASGNSFISYAPPHAVSKLSAAHERGPLSFSLKPGEQAGNANGTSLQATLTKIAQLLRDIFQRLLS,0.988268533920646
D4HWL8,MNNLPARLTSTALRAAVKAGPLTTNEDQMPDPGQINDTRWKKLPEPLASTTLARFDQDKCTANHGISKRAMCFGLSLSWNSMIHGGQEHPTPYASAERMR,0.468241262536496
D4I1J6,MKVSHLTSPAPVVIEHQPRQSEKVSRDGDVIKPWSQLPAAAPSFGGCFGKSKKSRGYDSGSSSGSRSNAGFRLNHVPYVSQQNERMGCWYACTRMLGHSI,0.982496808733685
D4SUA6,MRIGPLQPPVAHTAAAALPAHTSAISPTQVPHMPGDTPPLRERPRRRAGSVPPLVPLNDSAMTGKPALVALDSEFSEQRLAEVQARQITVQTLQTKLATH,0.841256868220121
O30529,MNPITLERAGLPYGVADAGDIPALGRPVARDVESLRVERLAAPAAASASGTGVALTPPSAASQQRLEVANRAEIASLVQAVGEDVGLARQVVLAGASTLL,0.814146444014422
O30783,MTSVRTDLTPGDTSLQSSLLNPSDLTTQLSNLQTVLAGIQQQHPLNGGWPQHHPTGAADQNYLMRLMQSHMASTVSAVSELRTEVTAIKTKLHGLSTPAN,0.775988423993275
O30916,MQIQSFYHSASLKTQEAFKSLQKTLYNGMQILSGQGKAPAKAPDARPEIIVLREPGATWGNYLQHQKASNHSLHNLYNLQRDLLTVAATVLGKQDPVLTS,0.973541196768222
O33680,MSKTVLNAVGTPLYYSGSSTAWFSATGSGPTLHGTAGNDSMWGDSSVNVTMIGGRGDDIYYLYSSINRAYEAAGEGVDTISTWMSYTLPANFENLTVTGS,0.847980285359672
O34208,MHIQSLGATASSLNQEPVETPSQAAHKSASLRQEPSGQGLGVALKSTPGILSGKLPESVSDVRFSSPQGQGESRTLTDSAGPRQITLRQFENGVTELQLS,0.98055022828272
O69196,MTTPTLIVTPPSPPAPSYSANRVPQPSLMDKIKKIAAIASLILIGTIGFLALLGHLVGFLIAPQITIVLLALFITSLAGNALYLQKTANLHLYQDLQREV,0.865771551331674
O84085,MRIIPFDPYGSMAFQAIAKDPQERKNGSISEKISEEIARNEALRMALLAIADQEDKEKKQKHRFKILTKKQTRILLGQLRHFRLDFQKLQAGVVIEWSWD,0.983797668348962
O84118,MECVKQLCRNHLCLDSLTGPVRSVLTQGTTAEKVQLVVSCLGVVCSIICLALGIAAAAVGVSCSGFAIGLGVIAILLGIVLFAISALDVLEDHGLVGCPF,0.317429549599746
O84119,MGDVMIQSVKTESGLVEGHRGICDSLGRVVGALAKVAKLVVALAALVLNGALCVLSLVALCVGATPVGPLAVLVATTLASFLCAACVLFIAAKDRGWIAS,0.714295166832958
O84120,MICCDKVLSSVQSMPVIDKCSVTKCLQTAKQAAVLALSLFAVFASGSLSILSAAVLFSGTAAVLPYLLILTTALLGFVCAVIVLLRNLSAVVQSCKKRSP,0.324318928569097
O84226,MVSLALGTSNGVEANNGINDLSPAPEAKKTGSGLCYKISAVAALVLGLLAAAGGAVVLALFCTFAPPLFFYAGVALVALGAVILGVGVSNTCSCCLRSRK,0.669311609396605
O84232,MSCSNINSGAPATLFAKGAAAISSRVDTMRQMCSARVGAKTCGIALTIIGLLVATAGVVIAAVGIGTPASLAAGMILVMVGSLLLGLGLARARSRRVEVE,0.388706840415059
O84235,MVHSVYNSLAPEGFSQVSIQPSQIPTSKKVMIAIMTLFALTAIAAIVLSIVTVCGGFPFLLAALNTVTIGACVSLPVFTCIATTLLLLCLRNIELLARPQ,0.980492436971029
O84236,MTYSISDIAHKSDISNPTSPAPSRKRGSFPPQSPSAVGSLEGANFSTWGPGPFFTVPVYPQQLAAMQNNLFTLQTEVSALKKKLVQSSQTRGSLGLGPQF,0.981366579895524
O84290,MVYFRAHQPRHTPKTFPLEVHHSFSDKHPQIAKAMRITGIALAALSLLAVVACVIAVSAGGAAIPLAVISGIAVMSGLLSAATIICSAKKALAQRKQKQL,0.932256018549032
O84378,MPYGTRYPTLAFHTGGVGESDDGMPPQPFETFCYDSALLQAKIENFNIVPYTSVLPKELFGNILPVDQCTKFFKHGAVLEVIMAGRGATVTDGTQAIATG,0.980629713749315
O84449,MSTVPVVQGAGSSNSAQDISTRPLTLKERISNLLSSTAFKVGLVVIGLLLVIATLIFLVSAASFVNAIYLVAIPAILGCVNICVGILSMEGHCSPERWIL,0.965942592165014
O84462,MTNSISGYQPTVTTSTSSTTSASGASGSLGASSVSTTANATVTQTANATNSAATSSIQTTGETVVNYTNSASAPNVTVSTSSSSTQATATSNKTSQAVAG,0.963334506321628
O84534,MASICGRLGSGTGNALKAFFTQPNNKMARVVNKTKGMDKTIKVAKSAAELTANILEQAGGAGSSAHITASQVSKGLGDARTVVALGNAFNGALPGTVQSA,0.662958519758482
O84554,MSLDFLEDFFRRSITNHNTAFPEGFLDISDVLARSALDFKAEELADSAVNDFIVSESSDKLTLFNTNFAVWLVPTLVDGEAITRGYIALNQGEEFSPELA,0.826818001304354
O84616,MMEVFMNFLDQLDLIIQNKHMLEHTFYVKWSKGELTKEQLQAYAKDYYLHIKAFPKYLSAIHSRCDDLEARKLLLDNLMDEENGYPNHIDLWKQFVFALG,0.903584808991392
O84623,MAATVPIASSVGRLLSSATATTLRGNATSLRSKLNSVDDFFDLISSSCTLARVAPGTTVSETQQQQLSTIETTLDSARSASNAVQAGCGIVQLLTGGLFF,0.224260296260899
O84648,MRAALNTLEFLSSPPSSDPYDDLLQLNKEGFLAGPEEEKQAFFLRVERTLAEAPVHPTPFPIELQKLFDVNPSFLEVVYSNESLDAWEAGCTWITDNRVS,0.810024855647901
O84700,MSIRPTNGSGNGYSSINPSNDNQDGLVQSTSGPNYEGHTVSSRGGFQGICARIANLFRNCFSRNRGTTTTPSRPVITQANIHHPTISGQGAQPIVSTGDK,0.991111324251255
O84718,MRNHPIPEGQKYFVPTIETAAPRERRVSPAEVAADYTQLHEAATYLQVFQDLLNDAHQLGLNKEFVESLRQDFLKTGSEMSLMQALWTEESQREARKRER,0.992159550757582
O84723,MEDYVASPHLRSLACLDNPQLPIETPLFEQEALSHELLSLIQVFRKLSVHLLSEIEKLSQKLKPELLELAVLVCEKFLYRKLACTEELALLISAALQHHL,0.959740472145401
O84743,MEGFFPIASGSKGNCAYLGTRSCKLLIDLGISKQAVTEALHSMGIHPEDIQGIFVTHEHSDHIAGLRSFIKTYRTPIICNIETARSLRQLLDLCPTFKIF,0.554586938304705
O84854,MSSAIIPTLPEKNTVIPDSTLIEPASIEINKKSAMYFCITVMLKLSVATTDYSHAIMAVLQENTLEQQRKTKELINVSLLYVPDLIKKNGSDNEYTNHST,0.835867255669551
O84855,MWHKEPMHAVLQLPETPLVTGTTNSATADEIITRFAKDSNPLIVTVYYIYQSVLVAQNNLSLVAEQLQANAAAQTFLNNEEALYQYTTIPKNQVNSQNSS,0.986747351819026
O84871,MDTPTPLSSVPTNASLKGEPGSSSQFSSAEKGVLKTSVGDVVLSQSIEDGGNETQISLVGVVNINMAQEELPTLVSPRTFIFLPPETVELEIQIAEMFQA,0.986863513561169
Q8Z6L6,MNRIHSNSDSAAGVTALTHHHLSNVSCVSSGSLGKRQHRVNSTFGDGNAACLLSGKISLQEASNALKQLLDAVPGNHKRPSLPDFLQTNPAVLSMMMTSL,0.968691635107794
O84949,MVQEIEQWLRRHQVFTEPAYLGETAILLGQQFILSPYLVIYRIEAKEMIICEFRRLTPGQPRPQQLFHLLGLLRGIFVHHPQLTCLKMLIITDVLDEKKA,0.980611547335584
O84952,MKPVSPNAQVGGQRPVNAPEESPPCPSLPHPETNMESGRIGPQQGKERVLAGLAKRVIECFPKEIFSWQTVILGGQILCCSAGIALTVLSGGGAPLVALA,0.994606945890268
O85666,MGCFNVTGASGRANNYVVEHHDDRSSIGQESPRQEIADSPLSRSGRSSNRTSPRVSLDRLRAFNPPSGASVGALRNWFWQGQAAQHLQQLEAELNNGSNI,0.989696472569234
O87327,MSIGINSSTSYQPASTQLDFSALSGKSPQTNTFSDESTAQGVDPSALLFDTARQKDVSFGQPDNTVQNPTDSSAATDPQSNVVKLLSALVTSLLQMLMNL,0.990830362486371
O87653,MQSLSLNSSSLQTPAMALVLVRPETETTGASTSSRALQEVVVKLAEELMRNGQLDDSSPLGKLLAKSMAADGKAGGGIEDVIAALDKLIHEKLGDNFGAS,0.637059623278893
P0A1K5,MALDNINLNFSSDKQIEKCEKLSSIDNIDSLVLKKKRKVEIPEYSLIASNYFTIDKHFEHKHDKGEIYSGIKNAFELRNERATYSDIPESMAIKENILIP,0.978667427797733
P0A2M9,MPINRPNLNLNIPPLNIVAAYDGAEIPSTNKHLKNNFNSLHNQMRKMPVSHFKEALDVPDYSGMRQSGFFAMSQGFQLNNHGYDVFIHARRESPQSQGKF,0.993214997767158
P0AE20,MAISIKTPEDIEKMRVAGRLAAEVLEMIEPYVKPGVSTGELDRICNDYIVNEQHAVSACLGYHGYPKSVCISINEVVCHGIPDDAKLLKDGDIVNIDVTV,0.952790743189059
P11437,MWNVSKSSNNLGAYKLPLEAQTPPEKISPFDAMSAAQPEGKAPHDQLQNDQYPIQQAEDRGRHLVEQAEIQAHVQHCHSKAPEIGDATKTQSVSEKLGTA,0.98853738675873
P13835,MGCVSSKSTTVLSPQTSFNEASRTSFRALPGPSQRQLEVYDQCLIGAARWPDDSSKSNTPENRAYCQSMYNSIRSAGDEISRGGITSFEELWGRATEWRL,0.980168349438335
P14727,MDPIRSRTPSPARELLPGPQPDGVQPTADRGVSPPAGGPLDGLPARRTMSRTRLPSPPAPSPAFSAGSFSDLLRQFDPSLFNTSLFDSLPPFGAHHTEAA,0.994355304268104
P18011,MHNVSTTTTGFPLAKILTSTELGDNTIQAANDAANKLFSLTIADLTANQNINTTNAHSTSNILIPELKAPKSLNASSQLTLLIGNLIQILGEKSLTALTN,0.740423051355451
P18012,MEIQNTKPTQTLYTDISTKQTQSSSETQKSQNYQQIAAHIPLNVGKNPVLTTTLNDDQLLKLSEQVQHDSEIIARLTDKKMKDLSEMSHTLTPENTLDIS,0.99389111952581
P18013,MNITTLTNSISTSSFSPNNTNGSSTETVNSDIKTTTSSHPVSSLTMLNDTLHNIRTTNQALKKELSQKTLTKTSLEEIALHSSQISMDVNKSAQLLDILS,0.970626068157669
P28764,MTYELPKLPYTYDALEPNFDKETMEIHYTKHHNTYVTKLNEAVAGHPELASKSAEELVTNLDSVPEDIRGAVRNHGGGHANHTLFWSILSPNGGGAPTGN,0.972008827785616
P33546,MSLKISNFIDASNTKGPIRVEDTEHGPILIAQKFNLKDLFFRTLSTINAKINSQILNEQLKNYRLENQKSLLLFLNTLASEKSAESAFAAYEAAKNSIQH,0.942201390462221
P33548,MQILNKILPQVEFAIPRPSFDSLSRNKLVKKILSVFNLKQRFPQKNFGCPVNINKIRDSVIDKIKDSNSGNQLFCWMSQERTTYVSSMINRSIDEMAIHN,0.796367441030803
P37131,MSALITHDRSTPVTGSLVPYIETPAPAPLQTQQVAGELKDKNGGVSSQGVQLPAPLAVVASQVTEGQQQEITKLLESVTRGTAGSQLISNYVSVLTNFTL,0.916652803209554
P37132,MTINIKTDSPIITTGSQLDAITTETVGQSGEVKKTEDTRHEAQAIKSSEASLSRSQVPELIKPSQGINVALLSKSQGDLNGTLSILLLLLELARKAREMG,0.985255960073615
P40613,MGDVSAVSSSGNILLPQQDEVGGLSEALKKAVEKHKTEYSGDKKDRDYGDAFVMHKETALPLLLAAWRHGAPAKSEHHNGNVSGLHHNGKSELRIAEKLL,0.991406644975084
P40722,MPVTLSFGNHQNYTLNESRLAHLLSADKEKAIHMGGWDKVQDHFRAEKKDHALEVLHSIIHGQGRGEPGEMEVNVEDINKIYAFKRLQHLACPAHQDLFT,0.816819538500304
P55555,MQLSRRAEIGNPSSRNLSPRINEKVELLGQALEHARRAGMSSSLMEYGRQVARHLSANVQPDEKILSLDIRNLPLLAASYNRRYPDLDLRHMDSPARFFD,0.869315446498573
P55704,MDINSTSPLNASPQPDSPPPANASAFAHQLSGFQYSPPHAADSLLPQVEADSPYLDTRHPYSQYLDSAYPYPSPCEWQHDLYTRTRERSPHPSEQRPHAR,0.99442669375308
P55724,MYGRIDSSSDFHYTQSASKQMDAETQEFADTFARMHLDRSNGGSSSAARYTLDHEPPVVPIDLETFRREIRKFHGKEITDIANNPQEYSDFVSAKARRTA,0.990176198948359
P55730,MHSPISGSFTSSTQVHDPIHPANSDGFRETLANVELRTKSPSAECPDKMGCCASKPQASDPNNPSTSSPARPSTSLFRYRTAELAQANADGICVGLTAEW,0.994085016644248
P69978,MKINTLQSLINQQITQVGHGGQAGRLTETNPLTENSHQISTAEKAFANEVLEHVKNTALSRHDIACLLPRVSNLELKQGKAGEVIVTGLRTEQLSLSDAK,0.977479781090616
P74849,MVTSVRTQPPVIMPGMQTEIKTQATNLAANLSAVRESATATLSGEIKGQQLEDFPALIKQASLDALFKCGKDAEALKEVFTNSNNVAGKKAIMEFAGLFR,0.987771056249999
P74851,MLRYDERKLNNLTLSSFSKSGVSSDTRLYIAKENTDKAYVAPEKFSSKVLTWLGKMPLFKNTEVVQKHTENIRVQNQKILQTFLQALTEKYGEKAVNNAL,0.867041323549831
P74863,MSEEGFMLAVLKGIPLIQDIRAEGNSRSWIMTIDGHPARGEIFSEAFSISLFLNDLESLPKPCLAYVTLLLAAHPDVHDYAIQLTADGGWLNGYYTTSSS,0.850833858962709
Q01099,MSLNTSGLGASTMQISIGGAGGNNGLLGTSRQNAGLGGNSALGLGGGNQNDTVNQLAGLLTGMMMMMSMMGGGGLMGGGLGGGLGNGLGGSGGLGEGLSN,0.818754473611103
Q04640,MLDVKNTGVFSSAFIDRLNAMTNSDDGDETADAELDSGLANSKYIDSSDEMASALSSFINRRDLEKLKGTNSDSQERILDGEEDEINHKIFDLKRTLKDN,0.976481498593856
Q07566,MHITNLGLHQVSFQSGDSYKGAEETGKHKGVSVISYQRVKNGERNKGIEALNRLYLQNQTSLTGKSLLFARDKAEVFCEAIKLAGGDTSKIKAMMERLDT,0.811945410858304
Q08242,MDNVTSSQLLSVRHQLAESAGLPRDQHEFVSSQAPQSLRNRYNNLYSHTQRTLDMADMQHRYMTGASGINPGMLPHENVDDMRSAITDWSDMREALQHAM,0.893499580158765
Q08370,MNPIHARFSSVEALRHSNVDIQAIKSEGQLEVNGKRYEIRAAADGSIAVLRPDQQSKADKFFKGAAHLIGGQSQRAQIAQVLNEKAAAVPRLDRMLGRRF,0.990971344350399
Q2NVH6,MTSAVNSHSLPYLNEIFGHEEASNAVTKREQEAARRFGDERYAQHRLKNKVQTLQQSLTAEQLQKVIQETQRELVSKQPRRLLADVGDTPRLAAPAQSSA,0.939445125303909
Q2QCI9,MAGINGAGPSGAYFVGHTDPEPASGGAHGSSSGASSSNSPRLPAPPDAPASQARDRREMLLRARPLSRQTREWVAQGMPPTAEAGVPIRPQESAEAAAPQ,0.987312243838186
Q326N4,MQTSNITNYERNDSSWMSTVKSTTEVSWNKLSFCDVLLKIITFGIYSPHETLAEKYSEKKLMDSFSPSLSQDKMDGEFAHANIDGISIRLCLNKGICSVF,0.971918447002502
Q3BM44,MQPTAIRSTVGLPGADMTADLRDPAPVAVPAHSAADAAAPPPGALQTIVGRPPRPDGPRHRRAQSLPARLTPAQRGMLAELGVADTSVLTPTETAVLREL,0.979631155214563
Q3BRD8,MKSSASVDSASRSAGSHLPEIQETELATASTSAAVTHQSAPDPALSPLGRAPVRRSGANTLGALLARPEQDAQALVPQPVTSSNATKATLARLRQQLASD,0.933487009329925
Q3BRE0,MKLQRQNSAPPSIPSGSSANPGAAHASEPFVPEPQTPRSTVLKGLAEPSPRLRARAGKTTTLPSGELSPAKTRQWRPEAGESSRAASERAERQHRAGRHP,0.978618385740974
Q3BSU7,MKTSSASKSHYTGQFPQGDLQPKTPIPVGRNSEIPKDAALSAQLKGLRPLDRKPSKMPTSSSDLQAVNKMIAENRSNDVGKGQFLLSTQSLGSAERVDSQ,0.939130803936727
Q3BTM6,MGLCVSKPSVAGSPEHYAAHVAEQATPSEEGSGTPAQATSSYSATDPALQGLARRGKKVDLSRSGLPERVALKTKLLANSLSDAKDAGVRSSIVKYGERT,0.972939711560466
Q3BW96,MPKIESTKQAPPDPAQLIQTAPTPSGSGSAASSSAASAAPSAQLGGLSIRPRRLGRASRANLPAASSTNAQDVMAALFAAAPVPQGPDPFEVLSKASSRL,0.993782163947159
Q3BWS7,MINTSVKAINSHHTHSSSSEEPKRQSRQADAGADPTRIHPALEGLPSIRQGMQATRRDATKTSSLEHSRRTEAFKAQRQAISMQPGPSNNPHLTALDKLQ,0.989064114500733
Q3BY51,MKAELTRSHSLSSLERIRHPESDMGNDCDLEVGAQPKHSGFCQSEDSRLPTTRPPRRRSTSSGATSPKSTVQGSGHTDNSGLETPLLISLTGLQKPRHMG,0.769206780592711
Q3BY60,MEIKKQQTAGPSSLAPLHDIHTDNAPVADATSPTQTPLHPSLAALTPRSRSRASSADSEHGASPVPSHDTEPQADSPERASGPSTAATLAARANAALASG,0.989629072947428
Q3BYG1,MCDSIRVQFRSIQKMVVKMKKFFRSLGVGGSSSSRFQHHIPEADSAPSSKASTPPASPPPDSPPSNSAFSALPTRPRKKAEALSDAVESRGHLAPPSLVS,0.927710883388178
Q3BYJ5,MEYIPRYEALEKVPVRVRFHAYLRGDGSFGPGLPGILRYMTPDQKKRLYLASERRKLALAAPKSKPTPKSKPLKGVFRTLHQKPNLLLEISSKFSNRAYS,0.844020430367328
Q3BYL8,MKLSSDIGTAASRGAASHPPVQPTQAEDVAAPREERAPTGPLAGLASSSAALRGRRASLAGRASPHADEEGAMLGGSHRSDSSQSSQASDATFYTAQVVS,0.94047486423405
Q3C000,MSDMKVNFSSKIIDSTPSEEEVATQQDSYTKSGLVAPSLDSQALKKAPRKRVIKENIAALHTSSLERVHQKKVLVQNLAQLQRGLAKINGRVELEELIDG,0.991788698779144
Q46210,MTVSTDNTSPVISRASSPTFGDHGKDFDNNKIIPISIEAPTSSAAAVGAKTAIEPEGRSPLLQRICYLVKIIAAIALFVVGIAALVCLYLGSVISTPSLI,0.984226960639158
Q47278,MQITIKAHIGGDLGVSGLGLGAQGLKGLNSAASSLGSSVDKLSSTIDKLTSALTSMMFGGALAQGLGASSKGLGMSNQLGQSFGNGAQGASNLLSVPKSG,0.140116486339191
Q48DU8,MMPSQITRSSHSSLPEVAPASGDATGVSEQTPQQARTVAFFSSGELAVAFGRTSAAPEQDSVRLLSALQRELDKQHPSWHTVAQLCQSLAEVGTTEQGWH,0.991735169751235
Q4G4C8,MTVNTDYHGGVNHVGANGYDNNLDRMAGQGDSIMSDGISVLYQFMTLFTDLAQGKYDQMKAKADRARNSQQVANQIDAIIAKFKKAGDKGDLPPEVLKYL,0.989505321532697
Q4UQ31,MSFPSSSSGPTLAAQLQDFIEALEHAERQGKQYPAAELDQKFQPQVVAAQNHIHPNLDVKVFDASASEPHALRQAIVNTGRGQRWRAVVNVERIHGKGAP,0.796119194590648
Q6LAD6,MKIAPVAINHSPLSREVPSHAAPTQAKQTNLQSEAGDLDARKSSASSPETRALLATKTVLGRHKIEVPAFGGWFKKKSSKHETGGSSANADSSSVASDST,0.976259646899399
Q4ZX82,MIGTRVGGSGSTEIVQANQPQPSAAVAQAHPHAVSPSSNPPLTASQSAAQAPESSAAGAARLPVAPRHLPTLEKFRAEQPTVQGTSTPTISANAALLIGS,0.987344779216549
Q4ZXP9,MTDLNSLRTSLSSGEHAFADTLAFIADGYDYQPQAFRNGDVDNAAGQNEGSCKTLGLALLEGLTDEEALLAFGEHYRSVQATPEGSDHGNIRALMANGLA,0.710020964729067
Q52389,MQSPSIHRNTGSIIQPTVTPDARAATDLQERAEQPRQRSSHSLSSVGKRALKSVGKLFQKSKAPEQKAATPPTAKNVKTPPPASNVATPRNKARESGFSN,0.99383044050172
Q52394,MRIHSAGHSLPAPGPSVETTEKAVQSSSAQNPASCSSQTERPEAGSTQVRPNYPYSSVKTRLPPVSSTGQAISDTPSSLPGYLLLRRLDRRPLDEDSIKA,0.959443311089893
Q52420,MTIMSSLAGAGRGVVNTIGGAAQGINSVKSSADRNAALVSNTGSTDSIDATRSSISKGDAKSAELDGTANEENGLLRESSMLAGFEDKKEALSNQIVASK,0.580623984647161
Q52430,MKIGTQATSLAVLHNQESHAPQAPIAVRPEPAHAIPEIPLDLAIRPRTRGIHPFLAMTLGDKGCASSSGVSLEDDSHTQVSLSDFSVASRDVNHNNICAG,0.833011346551446
Q52432,MTRISTSSVNSSFSYSAPAEEAQNRVSSAPTNSSPPGTTTAVAQASEGQKKPGAVLSMHAQRLRQLCESSSHQYRQNALLAKSFDAQRLDINTQAGPSNS,0.94931212522131
Q52473,MVAFAGLTSKLTNLGNSAVGGVGGALQGVNTVASNATLQKNILLGTGDSLSVDAQAKASKESDANGAKLIAMQAQETMKKQTMDVLNAIQAGKEDSTNKK,0.498915998710031
Q52497,MESIDTVVHAWFDTSESLETLLLLLALSCVRIMTLFSILPATNDQMLTGIARNGVVYALAILVAAGQPVGLAALLSAGQLFMLTCKEIFLGACLGFAAST,0.318542149569714
Q52530,MQDLSFSTIENHLGPAKDRFFGDGFKHVEYSARHVNLTESEANRSISLSYPANWSKKNDSGELIPHLSSIDALTISINLSQDILLNRFKSIDHCWVRRIS,0.990488754802417
Q52537,MGCVSSTSRSTGYYSGYENHEEPRVASSPTNRHDRGYETDSEHSNVNLIPNARRVYKESVLWHGTSMQSKIDLRRQGFDVNRKTDGATEGSRTSNSAPTD,0.988720443308108
Q56020,MLISNVGINPAAYLNNHSVENSSQTASQSVSAKDILNSIGISSSKVSDLGLSPTLSAPAPGVLTQTPGTITSFLKASIQNTDMNQDLNALANNVTTKANE,0.966150262691893
Q56026,MLNIQNYSASPHPGIVAERPQTPSASEHVETAVVPSTTEHRGTDIISLSQAATKIHQAQQTLQSTPPISEENNDERTLARQQLTSSLNALAKSGVSLSAE,0.989231444394888
Q56134,MVNDASSISRSGYTQNPRLAEAAFEGVRKNTDFLKAADKAFKDVVATKAGDLKAGTKSGESAINTVGLKPPTDAAREKLSSEGQLTLLLGKLMTLLGDVS,0.988156077692382
Q57KZ6,MQRSLDSLAGMATSAFGAGTSAAMRQATSPKTILEYIINFFTCGGIRRRNETQYQELIETMAETLKSTMPDRGAPLPENIILDDMDGCRVEFNLPGENNE,0.271910281990385
Q60236,MLALFLGSLSLIPFLLIVCTAFLKIAMTLLITRNAIGVQQVPPNMALYGIALAATMFVMAPVAHDIQQRVHEHPLELSNADKLQSSLKVVIEPLQRFMTR,0.0452413601322366
Q63K38,MPPSIHRTSSINSTPAVTAAGARRASGPGGVLSADVARVASARRHTMPEIGARRGVDGDRAAPAPRESFRRRLETVSSRAPTPPPEADSRAANARTTGAA,0.882927334199525
Q63K40,MSARRAEAARPRGYAARIARVAAAFAIGIVSAGGVAHADCIDDAARRYGVNADLLRSIAYYESGLNPRALHRNGDGSTDIGLMQINSVHLPALRDQGIDR,0.0803062352731404
Q6FYR7,MKPQNSNSTPHHSFSTQNSDIENESLESLLARLENEDSEKVENEDVSVNHEKLKGIITDLESDLASGKWINAFYANIDLKMMPALVKQANTKYPEMNLKL,0.995636965210327
Q6PLD0,MKVNLEQNHYYEQRGGSDLREQLSSYIDLMDDAIRQGKQLPKDTAAANDIALMDDFIAIANQKKEGLNAHFFRSPLDMVNYVKSLIPSEDTTARFVVNMG,0.991864030934549
Q6Q513,MFGMLPASSSSANLYSWMYISGKENPSTPESVSELNHNHFLSPELQEKLDVMFAIYSCARNNDERENIYPELRDFVSSLMDKRNNVFEVINEDTDEVTGA,0.947511845011494
Q6R8C3,MSGTCNIATGKNSFAINLTLPPSENLRKSPLSNTVTSVENSAREIKSLNVQGGARNTVGSGESSSRSTLTAERQGTSSDRSTVEEASSSSSRTANVGSSS,0.974104822556063
Q6RK53,MQKIQHAQPSLSISEIAPAALAKTSLSQGSSTSASQKGAQSLIQQGLHDKNKPPELEQGSSSQVKSQGARSTTLRELFSLEGMSQSLPRFASTEAAEIKI,0.980665697834651
Q6TLM0,MHSISSERPLSIGGMQPPLVEDSKGSSQATQVAAGDSHRHVEKHGQGVVLPQPMPGIGQQMSPPKQQELDQLRKTAQLGTANAAKLLGSSTLLNKLAFAS,0.992296664734661
Q6VE93,MGNVCVGGSRMSHQVYSPDRADTPPRSERNTPDRRQRAAGDAERTQSMRLQQKINDLKPYVRHARGPIKAYGQAALDRASGKKTSVSFAELDATHLDAMV,0.993061499358386
Q700V9,MKRLFRALGVSQPTRTYTPTTDTTSPAAATPESSRNSSPESSRSPSPVRSRSRNHPDLSELPSRPRRKAEALAESIQSARERGVDPEFIAYAETTLSNLA,0.637843361884888
Q79LY0,MNPLQPIQHSITNSQMSGGQQLEAEGSQAHNSYSHPDRISLSQLSQSAHLALDHLSTQPNTDHQRVASLVRNAVQDGKFQLQSSNDTQVTYKTSVCPPAN,0.995065399821385
Q79UN8,MMRTNYNNWPSDGQSVDQQRDALAGTSGADGAAFTAALAAGPASSAFDKRTGVSVRLHRVSSNIGNAQSVSLFTDANERNKVGAMTVAPGRNSLRILSIE,0.981215314190045
Q7BVH7,MSSGNILWGSQNPIVFKNSFGVSNADTGSQDDLSQQNPFAEGYGVLLILLMVIQAIANNKFIEVQKNAERARNTQEKSNEMDEVIAKAAKGDAKTKEEVP,0.982796837765035
Q7MYD1,MLEKVMPISSISGHTLLSQTQVPQHAAASPLLEQGNRLFEQSVRRGPLHFQSSDLKHLITELRQLQSAPNSAQAQRVQDAIQHWESHHPKEVAARSTRLA,0.971529720957949
Q7N439,MGDDIMPISNLAKESEVRAVKDIPCKNIETDNHLEIGLSSGLSRSKDTSKFKKNSINTIKLIDDIIALHNDPKGNKLLWNDNWQDKIINRDLANIFEKID,0.993752520143934
Q7NUX3,MQEMNIKPDVVTQFLLSQGLVPEAEYFGNSHVLVGQRVKLLDCELVYRLEDEELIICDFVAKQPVQGSASAVAAFIHLIHKIEKSVPTVKRVRGLFLESM,0.991717050144999
Q7P1B7,MKIGVLNAGLRQFAAEFGERAARAGRGLAGMFRRAANVAEAAPRRSAAAIEQGWQRFSARFLGARGADKPAPTTLTRGGAARSPLSPGDVKAMIRSRLDS,0.578821511223766
Q7PC42,MTQTPPSLDFNLSTPSPVPMTPSDTWAGASAALKRLDELRTLLARELDALPQAGEALLSALDGADVSERELQIFGLLQQIDDYWTDPGETGESRRDRLLP,0.972988736009804
Q7PC45,MFIASPKTNVQECLMINPVKHNFSHLGFSNAQSTSALGPASNKVPNFVSRGRGKGVPVEQFNTAEECRLAGRQDSVLDSIDGKEFMRLLQKYTASETTEE,0.974041571959478
Q7WLX4,MSVSPTSPGSFGAGPVFDSELQAPAPSAQRRGGAAPVPPPVDRRGVEPGDPTLGMLPAPDLLAGGAVSRTRAALDDLDAARLGEDIYTLMAVLQQASQQM,0.990046429157541
Q7WRZ5,MKDITLPPPTSASCLTGAISVNTEAVLSPMQHTSALHVRDFASLCSQNLKANVLLNSDDHEVPIHQKNPAAIMQNIDSNIKQMATDWGMSIEEVEVIIGR,0.924764344663819
Q824H6,MTSPINNPSTTNVTTTTTSTPVVTTSTSFGGHVVSTTGTGALETTAQTVNTTAEQAVAQAESDSGAVIFTTQRDVSTTAPTTGGSASTATAASLLGTHIL,0.965792956481955
Q87GE5,MLKIKLPQQTSLAPSSETTQRLPVKISIKSICNKSICKTLHSLADKCHRFSKEIKQRSANHTPSSSHENLTTINLKSQNSAATFESTVELSIKHGSSIPP,0.733373719478136
Q87GI9,MTKTNATDPSQMQAEELLSFLEEGGTLKMLHDVSADTIEHIYAVGYNFFQSGKIEQAAKVFQLLSMLDHYQARFFIGLGAARQELGEYLQAIDAYSYAAL,0.938934769597192
Q87P32,MISFGNVSALQAAMPQARNEILNEGKLSIGGKEYTINAATQEFTRANPTSGAVARFFEATGKLFREGSTQSVAKAITKAVFDNEQGQAQRLQTSSSVEHG,0.974125733957711
Q87P35,MVNINTSHMQSLSQLTSHLATQNQADDKEIRAHNGKDIFVKEGAPKNKSVSARISHQNKAKDIVVNLLTKQGIPKDVAKQMLQNVLNGENKLTLGNLKNL,0.978570648396855
Q87P38,MVNTTQKISQSPVPDLEQFRAIAAQKDDRVISKRGEVKEPSTFHKGHKFASVSEGVLRKKYTKFFQENIKTHLDLKQALLKEEKPETALLAYSLVSPSGY,0.993788197690485
Q87V79,MLVRGGMRTVQSIGIPSAEMAAGLDADAIVIALKSRTTPSADAVAESLAALEWLRERGCEQIFFKYCSTFDSTAAGNIGQVSEALLEQLGSDFTLACPAF,0.500931653589989
Q87W07,MINLTHIASSLARAALSDSTKPKMERAINVASHIAGKVALQVTSSLLEQKGLLNERQQKGLSMILKALSGKEPVNNVETHEGGGRFNLARAAFDVASVVW,0.175150130935454
Q87W42,MQIKNSHLYSASRMVQNTFNASPKMEVTNAIAKNNEPAALSATQTAKTHEGDSKGQSSNNSKLPFRAMRYAAYLAGSAYLYDKTANNFFLSTTSLHDGKG,0.98916191375438
Q87W46,MRFDAARGQKPKAPMDAPSSLRLRAIAGGMPSEEAGTTAPADVNQPPPADVRPEMGVGPVRLFVKLMVGTLALSTGVRFARYPGDFAKDPGGSVWAAINL,0.937897270487503
Q87W65,MLIGHSLHHMRPTAVDSSLPTSATSQTISNTKSRLDPHRVRELTFIGVGSSVAYLLNELNGRFADSGVTTPFLGKVSIVGKDDSWAENVRGKGYINHQTE,0.680029602534631
Q87WF4,MKISGSTSPAHTSTNSAQKSSSKGLLSGLAKHFKGMLVSGNTSGHSALGHYASSSSGSKGKAPVRDDYSNGPQTRLNNTPLKRALARELDRFGYGSSATE,0.947631494143047
Q87WF7,MIKTVSDNSIPGTYGIAFTRVDTAAQISRPVPSDIQRNSSIEKAVIEHIADHPAAKVVMSALVEALTGVFVKAQGEIKGWAEIVQAASRPHDSNRKGTGV,0.9844989033225
Q87X57,MNRVSGSSSATWQAVNDLVEQVSERTTLSTTGYQTAMGRLNKPEKSDADALMTMRRAQQYTDSAKRTYISETLMNLADLQQRKIYRTNSGNLRGAIEMTP,0.986463529012167
Q87XS5,MNTINRNIYPVSGISAQDAPVQTDQLQPQGQGIRPGHNSNLIDFGLIQQANGPHSSLNTSSSRIQPTDTSTSSNRLGGNGDQLLNKLVEAIRNILNNLLS,0.991925109882988
Q881L7,MTTLTTRQIQLAHAWTSVHTGAGLALDWVADVAEKVEEIATKADALSRDLHRARNLSRSLGRVSTTPMGIGFFGLSQAGKSYLISALAADEKGQLLTRLG,0.0927723488015081
Q886L1,MGLCISKHSGSSYSYSDSDRWQVPACPPNARSVSSHQTASASDIASGDVDERPATFSHFQLARCGGEYTLSMVSAAAYQAERRHRGNLIKDRSQSILPWV,0.966862840717069
Q888W0,MLALKLNTSIAQAPLKKNAEAELRHMNHAEVRAHTPTRFTLNHRAPTYEVAQSALGENHGGWTAVNKFKVTESEVFIHMERSDSRSKGDFAGDKIHLSVA,0.690360227015274
Q888Y1,MVKVTSSGFTANPLSHHADSVSPANSPPQLPEPVHLVDLSESSRKGGMRNRPHASLNSQVLELQAVPSQRGKHVRVRSHADGESVINAWLAKRPSVQSET,0.984868076977927
Q888Y7,MHRPITAGHTTSRLILDQSKQISRTPSESSAQSALSQQASMSSPVLERSKSAPALLTAAQRTMLAQVGACNAHLTSDENMAINELRSHKPLLPKDTWFFT,0.923710501643633
Q889A9,MRSRVITTSLVVIMLSCASAAPACFSADMTPSVSNESTSEADFQQWLATFRSNATTKGIDTATLDLAFQNITLDPTVHQLDMAQPEFTTAIWDYLSERLT,0.126413298109333
Q88A09,MITPSRYPGIYIAPLSNEPTAAHTFKEQAEEALDHISAAPSGDKLLRKISTLASQKDRKVTLKEIEINNQCYTEAVLSRRQLEKYEPENFNENRHIASQL,0.981563887085804
Q88AB8,MTLRINTRSATPVVPLETGSTSQPTPPPVTARATEPPPVANPAAPKSAPGVQQAHGLKTRIAGKLSERQTNFSLGIPGTGRTLNRPLRSGIPEEGEQVSN,0.89359634160685
Q88BF6,MNITPLTSAAGKGSSAQGTDKISIPNSTRMINAASIKWLNKVRSAISDHIRTSIEKGKLFELASLGSNMFGVPALSARPSTLQPVLAFEADPNHDLNLVR,0.886182242353739
Q89TT5,MDFPSTKRVREQSDSTGPQESSPAAPSAAAATFERQLSEIGSSGEGDGAMPAASTPQPAQSKGILRRLSKSPLYSQDAPLILGLEKALIKGGAAKGTARN,0.990453691884488
Q89TW7,MDSNRISGAGAQGSPTGYVRTQEDHDLFRQAANEARSLSSAGPVSAQTPIWRSSAPYGSFSRDGYSWNNDVWGPHPGPQTISVSAANRWSVWSNQPNTPG,0.993905818590047
Q89TX4,MAYLPVAGLPVVGALDSTVNGVGSEGVVASPAFSTLLGQYVTPGAYQYLPAGAAVVVAPVVVPAGGVTTAVVAPAVVTPVVAAPVYMMAPPPPFMLLSQQ,0.652716464534068
Q8RP03,MYINRSISSQSSIGTESFHSAQSVASSSVRVLSEAEQTKLNDITHYLTDHVFAAHRLPVNDINVDQDVVHAHNVEIGKIISARALRLLDEGETALSIGET,0.988697839258623
Q8VPK4,MHIELDPLKKLQHDLSKFLPRWSQESHPRSPPPLLPNMSLNHYRTLQPTSMQFDVGLKDGKVEADTTLAGRDIAHHLNQPNKHYVTDGPSAAGSQTLRMK,0.973002060778837
Q8X4X1,MPLTSDIRSHSFNLGVEVVRARIVANGRGDITVGGETVSIVYDSTNGRFSSSGGNGGLLSELLLLGFNSGPRALGERMLSMLSDSGEAQSQESIQNKISQ,0.978576826382377
Q8X782,MLPTSQLRPTGTFCSYSAETSADIKSEITPIQIEEARASGRLYIKDCDIEYLPQLPNEITSVTIENCNNLTTLTGLPVNTQNLSVINCEKLQITDMPSTV,0.800085092225759
Q8Y125,MKVSSANAGVPASSADNTSARPSQTNADTTPLGRRRRAPDDAPGSPPARRQRQDSPEDSAQTMFRRAGMTSLPPSPATSEHVPLLDNRPTLERMGVDHPL,0.987248123767151
Q8ZN18,MTYRLKKRMKIGFQPAILQYAYTSNEATSNLELLNKWRIESPDIEKEERNSIYDKIIEANHTGSLSITAHHVTSIPVFPDNLSELNLSSCYTLESIPNLP,0.529834420575035
Q989M4,MTGVNRSGRSRTEKRVGRTGEASSSRSQSSLAPGAGSQSFDTVVEQMRSVEINRRTPAVPMERGADDALHDRPSGPSVGIHGTLDAARHAAAAPRAAGPR,0.987429256293919
Q989R4,MDQRKITSRVTALPQVQDAGLEEGQAVQARQVGFEQHLAEARRLFDQADESPTNPEELLRLEQGFREVLQRRQDDQVAEALRPLFDDRADEPPANPEELL,0.961918033744155
Q9AN16,MSRLTLRSCWIFVLSQNASSFSRIGKVLLRDLKSRRLLRRINVILCAPVTHAATRSSQRSIPEKARDNDARDKSTSRSMTKRFRNWALLSILASMVVGPA,0.0672540272454972
Q9F3T5,MGICVSKPSVRHDYNEDYGRNYGADTAQASSNTSSSDSEWEQSPPHSPRQPVAADIPDRAKDKISALRESYYRSQMNSNPDLLHYAKNILDNIEYRQSNI,0.988633636938089
Q9JP32,MYIQQSGAQSGVAAKTQHDKPSSLSGLAPGSSDAFARFHPEKAGAFVPLEGHEEVFFDARSSFSSVDAADLPSPEQVQPQLHSLRTLLPDLMVSIASLRD,0.99064256640921
Q9K2L5,MGNICNSGGVSRTYSPPTSPVYGSGVSSPSRFVGQYTLTSIHQLSSEERENFLDAHDPMRVYDLNSETSVYRTTQREYVRNGYATGNPNSGAIIALHEEL,0.994210997790897
Q9L6W4,MRPVGGPAPGYYPPTYEAERPTAQAAGNDRARSSQASSSPAASVAPETPMLGDLKRFPAGRYPDMKVENIRLKIEGQEPGGKDGVKHTRRRKPDAAGSSH,0.993016356208963
Q9R803,MEASNVALVLPAPSLLTPSSTPSPSGEGMGTESMLLLFDDIWMKLMELAKKLRDIMRSYNVEKQRLAWELQVNVLQTQMKTIDEAFRASMITAGGAMLSG,0.847231510228058
Q9RBS0,MSVGNIQSPSNLPGLQNLNLNTNTNSQQSGQSVQDLIKQVEKDILNIIAALVQKAAQSAGGNTGNTGNAPAKDGNANAGANDPSKNDPSKSQGPQSANKT,0.992314397644634
Q9RBS1,MSHSKIKAGGHGSSGIGNDFTPAKTPAPATPAPQSQQVNDLLGRGVGNALNKSNLGSDSQTWTPGSTMVSLKSRSSSSHKPDTGGDTKPDSTSGGKRKRD,0.986563446060359
Q9RBS2,MPRDTPQTVPGHSPFWPLFFFTHNNKREARHDLARLSLTLMPILPRLFHRTSRTSSADTQRDARTPPNASPLHGEPGRTPRSRGELGRNLRLRSNAQTSG,0.993622446358584
Q9RBW3,MLYGVGGDPKRGPVALDAKLLGKLVGRPDSKTSNTLSTSARAAISLLAGASFATREEFHDAYCEVRGDAVDPLELRNEISSIYRLLPLSTMEMWPKKADD,0.518851130483989
Q9REZ5,MTVMSTTISTAPSGAALAPSRIDMRAPEPGSAGEGAGILAPVTTLALAAGRPAFPASPSLRTAPVLDPPVRDLSPADLADLLRVLRSRAVDGQLATAREN,0.713373343116293
Q9RPQ1,MTKVYANSIQQERVVDRIALLERCLDPSNSLPTAKRLVAVAVATILAVALLVVAGLLFSGVLCSPVSVLAASLFFGVGAFLLGGALVGGVLTTEAVTRER,0.750714502861594
Q9Z6N8,MSHLNYLLEKIAASSKEDFPFPDDLESYLEGYVPDKNIALDTYQKIFKISSEDLEKVYKEGYHAYLDKDYAKSITVFRWLVFFNPFVSKFWFSLGASLHM,0.683442010202785
Q9Z780,MKFFSLIFKDDDVSPNKKVLSPEAFSAFLDAKELLEKTKADSEAYVAETEQKCAQIRQEAKDQGFKEGSESWSKQIAFLEEETKNLRIRVREALVPLAIA,0.894985684334332
Q9Z785,MQPFIFTLLCLTSLVSLVAFDAANARKRCACAQTIERGENFFSIKRSACAEIEYQEKSRHASAIERISKDKGKVTPKQIAKVATKKKQRYRLLQVPFSRP,0.131421954694328
Q9Z7E2,MDIKKLFCLFLCSSLIAMSPIYGKTGDYEKLTLTGINIIDRNGLSETICSKEKLKKYTKVDFLAPQPYQKVMRMYKNKRGDNVSCLTAYHTNGQIKQYLE,0.114481023074482
Q9Z7J8,MDQLTTDFDTLMSQLGDVNLTTVVGRITEVVGMLIKAVVPNVRVGEVCLVKRNGMEPLVTEVVGFTQSFAFLSPLGELSGVSPSSEVIPTGLPLHIRAGN,0.840604600646435
Q9Z7K3,MKTVILNIGRKILQGIKKKKKKIGILSGLFFLDLVLLGVSSQRPTETSANVKHNLRDEKLAACPKNSAASLSAKKSHTKKTTPGSIPSKVFSKFDATQDK,0.0690246225382674
Q9Z7Q6,MATNAIRSAGSAASKMLLPVAKEPAAVSSFAQKGIYCIQQFFTNPGNKLAKFVGATKSLDKCFKLSKAVSDCVVGSLEEAGCTGDALTSARNAQGMLKTT,0.261691744896203
Q9Z7W9,MATPAQKSPTFQDPSFVRELGSNHPVFSPLTLEERGEMAIARVQQCGWNHTIVKVSLIILALLTILGGGLLVGLLPAVPMFIGTGLIALGAVIFALALIL,0.985051440075896
Q9Z861,MYNLLHAHHDAASPDGRLVSHLKKLSPHIYEGEVLIENIPAYFLGFHLPQQCIQVNLKSSLAQLGVEAVLNHLELNKARKEARLHVLFMSQDPIATAMLE,0.700510497289965
Q9Z877,MSTSPISNDPRYLSLSNATEKTSLLANSRSLSPVPNSLVPSNPEDTGLRKSIFTHSVTLFAGLVVLLVAVSVVVVALTVLAPGVPQAILLGIAISGVGIG,0.786035897340732
Q9Z8G9,MTLSFHTHPLNYWTFEEFDGLPIRHGVFSKQKDAEGTVFAAKNPEIASALQSPKYCDLHQRHGTSVRCVTPTSPTYQPADGLCTQSPLLSLHIRHSDCQA,0.762357583720925
Q9Z8L3,MQNQYEQLLESLAPLLNTTLAPDKNNSCLIRFSDTHVPVQIEEDGNSGDLAVSTLLGTLPENVFRERIFKAALSVNGSFQSSIKGILGYGEVTQQLYLSD,0.867729755054855
Q9Z8N0,MATVAQTPQTTQPQPSVSHKATHRYCSWVFFKPILVSLGLLLASLTTLGLVIASGVTLSLGIGIVLAIQIVLAGIALVLAFNHIRQFKQARTAELNSMKM,0.806433955427855
Q9Z8P6,MTSPIPFQSSGDASFLAEQPQQLPSTSESQLVTQLLTMMKHTQALSETVLQQQRDRLPTASIILQVGGAPTGGAGAPFQPGPADDHHHPIPPPVVPAQIE,0.953126320842898
Q9Z8P7,MSAPIPTPQELSDQITCLNVQYQQVSELARENKGDIEGLKTLTAALTADAGIQPSADEIYSLQTAAALILSASEKPGSGPSGSTEGSVTVQSPCKFKKVL,0.990491068915094
Q9Z8X8,MLMDISHILEDLAYDEGILPREAIEAAIVKQMQITPYLLHILHDATQRVPEIVNDGSYQGHLYAMYLLAQFRESRALPLIIKLFAFEDDTPHAIAGDVLT,0.883030100455775
Q9Z8Z8,MSSPVNNTPSAPNIPIPAPTTPGIPTTKPRSSFIEKVIIVAKYILFAIAATSGALGTILGLSGALTPGIGIALLVIFFVSMVLLGLILKDSISGGEERRL,0.980964767436769
Q9Z9F5,MSHLIPSLRNSVTSYFHKPQPIKQAAPSKSIRDICNIAYLIIICVLVVVVLVGAMLCMFIPSVGIPLCLSSLALLVLLSIFNPCLINWISTKKTKEIAPK,0.723500374419273
ZP_03355405,MHSGQHGENYFCILDEDSQEILSVTLDDAGNYTVNCQGYSETHRLTLDTAQGEEGTGHAEGASGTFRTSFLPATTAPQTPAEYDAVWSAWRRAAPAEESR,0.995020260519701
ZP_06486078,MKIEKNALTESASTMLSGLEEKHAAKPGASSEKRPEWDALTRSGALDGLQKAPVRVASSRSRSRTSGHASTAGADRTLQKQAGLYAEKKRVQWINATGVA,0.965727026780993
ZP_06489150,MQKQAGLYAEKKRVQWINATGVVSRVSHKIQAMLGMRDAQSRAQAFVEFMAEGKGKSDATALDLGDGWTRITRVVNGKTALIDVQCDSDGQVVDARHPGK,0.976979559037093
