name,sequence,candidate
sp|D0NPN8|A3AEM_PHYIT,MRLAIMLSATAVAINFATSSAIDQTKVLVYGTPAHYIHDSAGRRLLRKNEENEETSEERAPNFNLANLNEEMFNVAALTERADAKKLAKQLMGNDKLADAAYMWWQHNRVTLDQIDTFLKLASRKTQGAKYNQIYNSYMMHLGLTGY,effector
sp|Q572D3|A3AEM_PHYIN,MRLAIMLSATAVAINFATSSAIDQTKVLVYGTPAHYIHDSAGRRLLRKNEENEETSEERAPNFNLANLNEEMFNVAALTERADAKKLAKQLMGNDKLADAAYMWWQHNRVTLDQIDTFLKLASRKTQGAKYNQIYNSYMMHLGLTGY,effector
sp|E2DWQ7|A3AKI_PHYIN,MRLAIMLSATAVAINFATCSAIDQTKVLVYGTPAHYIHDSAGRRLLRKNEENEETSEERAPNFNLANLNEEMFNVAALTKRADAKKLAKQLMGNDKLADAAYIWWQHNRVTLDQIDTFLKLASRKTQGAKYNQIYNSYMMHLGLTGY,effector
sp|B1NNT7|AVR4_PHYIT,MRSLHILLVFTASLLASLTESAKADSLARTVSVVDNVKVKSRFLRAQTDEKNEERATITLGDRVVSDKAATKDLLQQLLALGTPLEKVQKQFLNIPQMKTFAELSKHPNWKALDKYERMQWQKLKEGETLTFMRLGDRLYSKEKAQEQLLRWVAQKKPVESVYDDLQVAGFAHNTVAARQNWRAYIMYDKWFTAASQMQRNPQQYAKFGTGYHSEQKTTELFEKWAMEGTHIKSVITTLKLNGKSASEMANNENFPALLKYVKLYLDFKPVRDLNAKSRLQARRPIS,effector
sp|G4ZLE6|AVH6_PHYSP,MRLSSTTFVVLAAVLLASGTAVSKADETGVTNVNAVHSPNVLAGVDKRFLRSHHTEDGEAKLSNYDNEERNGLFGANTLSNMGKDTILRFQMFTKWKANGYLPKKIKDDIPRSLYKAYKIHYRMN,effector
sp|G1FQR7|AVH6_PHYSO,MRLSSTTFVVLAAVLLASGTAVSKADETGVTNVNAVHSPNVLAGVDKRFLRSHHTEDGKAKLSNYDNEERNGLFAAGTLSDMANDMIFRFKMFTKWKANGHLPKAIKKDIPRSLYKAYKIHHRMN,effector
sp|D0P3S7|ABLB1_PHYIT,MRSLLLTVLLNLVVLLATTGAVSSNLNTAVNYASTSKIRFLSTEYNADEKRSLRGDYNNEVTKEPNTSDEERAFSISKSAEYVKMVLYGFKLGFSPRTQSKTVLRYEDKLFTALYKSGETPRSLRTKHLDKASASVFFNRFKKWYDKNVGPS,effector
sp|D0NQC3|RD1_PHYIT,MRACNTLLPTAIVLTSCDALSAHRAQIMNVATSDLISPIESTVQDDNYDRQLRGFYATENTDPVNNQDTAHEDGEERVNVATVLGKGDEAWDDALMRLAYQHWFDGGKTSDGMRLIMDLPAKGEALRHPNWGKYIKYLEFVKEKKKEAADAAAVAALKRRRTYRGWYVDGKTEKDVRKIFGLPATGKAKNHPNWADFQEYLNVVREYSKVVFK,effector
tr|D0ERS5|D0ERS5_PHYIN,LSAHRAQIMNVATSDLISPIESTVQDDNCDRQLRGFYATENTDPVNNQDTAHEDGEERVNVATVLGKGDEAWDDALMRLAYQHWFDGGKTSDGMRLIMDLPAKGEALRHPNWGKYIKYLEFVKEKKKEAADAAAVAALKRRRTYRGWYVDGKTEKDVRKIFGLPATGKAKNHPNWADFQEYLNVVREYSKVVFK,effector
tr|D0NY99|D0NY99_PHYIT,MRANVIVVALALYIACANVTLAACAKSRHLRVNGKDALWNYDTSGGINSIVADDEERVVSFSGIKRWLKELFKNWS,effector
tr|D0ERW0|D0ERW0_PHYIN,ACAKSRHLRANGKDALWNYDTSGGINSIVADDEERVVNFSGIKRWLKELFKNWSQRNKKIPEGTEYDFFTGNYQQNAQKQTRSA,effector
tr|D0ERW1|D0ERW1_PHYIN,ACAKSRHLRVNGKDALWNYDTSGGINSIVADDEERVVSFSGIKRWLKELFKNWS,effector
